ID,Reading Skill (Scale 1-10),Math Skill (Scale 1-10),Vocabulary Skill (Scale 1-3),Problem-Solving Confidence (Scale 1-10),Math Score (Scale 1-3),English Score (Scale 1-3)
1,5,8,2,2,1,3
2,5,5,2,8,3,2
3,5,8,2,8,3,1
4,10,8,3,5,3,2
5,7,8,2,8,3,2
6,4,5,1,9,3,1
7,6,8,1,9,2,3
8,4,5,2,10,1,1
9,5,7,2,9,3,1
10,5,8,2,9,1,3
11,3,10,1,9,3,3
12,5,8,3,8,3,1
13,2,5,3,7,2,3
14,7,1,3,9,1,1
15,7,6,3,1,2,3
16,1,5,1,4,1,1
17,7,10,3,3,2,1
18,3,8,2,9,1,1
19,3,5,1,1,3,2
20,7,7,2,4,2,2
21,7,9,3,9,3,1
22,7,2,3,7,3,1
23,5,7,1,3,3,1
24,5,5,2,5,3,2
25,7,1,2,8,3,2
26,3,8,2,7,3,3
27,5,5,2,7,3,1
28,3,3,3,7,1,1
29,3,7,3,8,2,3
30,6,5,3,8,1,1
31,7,10,3,8,3,1
32,7,4,1,7,1,1
33,7,2,2,9,3,1
34,5,7,3,7,1,2
35,7,5,2,6,3,1
36,7,8,1,9,3,1
37,1,10,2,8,2,1
38,9,8,2,8,3,2
39,4,7,1,5,2,3
40,5,5,2,3,1,3
41,1,8,3,3,2,3
42,5,4,2,6,1,1
43,7,5,1,9,3,1
44,3,7,3,10,1,2
45,5,6,3,8,2,1
46,7,10,3,9,3,1
47,6,7,3,9,1,1
48,2,3,3,9,3,1
49,3,8,2,9,3,1
50,3,7,2,4,2,1
51,7,8,3,5,2,1
52,5,5,3,5,2,1
53,5,7,3,3,3,1
54,7,8,2,8,3,3
55,7,8,3,8,2,1
56,7,3,3,8,3,2
57,7,7,3,9,2,2
58,5,8,2,9,3,2
59,9,5,3,4,2,2
60,7,8,1,8,3,2
61,1,9,2,7,3,1
62,3,7,1,7,3,1
63,5,7,2,5,3,1
64,1,7,2,8,2,1
65,3,4,1,8,3,3
66,7,10,1,9,2,2
67,7,8,2,4,2,1
68,7,5,2,7,3,1
69,7,8,3,1,2,2
70,7,8,3,7,1,3
71,5,9,1,9,3,2
72,2,3,2,3,3,2
73,7,7,2,8,3,1
74,3,8,2,7,3,2
75,5,1,2,7,3,1
76,4,8,3,3,3,1
77,3,7,2,1,3,3
78,7,3,3,8,2,2
79,1,7,2,8,3,2
80,3,5,3,5,3,2
81,7,7,2,9,3,1
82,3,2,2,7,2,2
83,7,8,1,8,3,2
84,7,5,3,3,3,3
85,5,2,2,9,3,1
86,5,5,2,7,3,2
87,6,5,1,1,2,3
88,7,6,3,7,3,1
89,5,9,2,9,1,1
90,7,1,1,5,3,2
91,3,8,2,2,3,1
92,7,9,2,7,3,1
93,4,7,1,7,3,1
94,5,5,3,9,3,1
95,4,7,3,8,3,1
96,5,8,3,8,3,3
97,7,7,2,8,3,2
98,7,5,1,9,3,1
99,7,10,2,9,3,3
100,7,8,1,9,3,2
101,10,10,3,9,3,2
102,2,7,2,8,3,3
103,6,5,3,6,1,1
104,8,8,2,3,1,1
105,9,8,2,3,3,2
106,2,5,3,9,2,1
107,10,5,3,9,3,3
108,3,7,3,8,2,1
109,5,7,1,8,3,1
110,7,3,1,7,3,1
111,7,8,3,8,1,1
112,3,7,1,7,3,1
113,5,5,3,7,2,1
114,7,8,3,8,3,2
115,7,8,2,9,3,2
116,8,1,3,5,2,1
117,8,8,3,9,2,1
118,5,3,3,2,1,3
119,3,6,2,5,3,2
120,9,8,3,10,1,2
121,5,7,3,2,3,2
122,10,8,3,7,3,3
123,2,3,3,9,3,3
124,2,2,3,7,2,1
125,5,8,2,7,3,3
126,10,8,3,8,3,1
127,8,9,3,7,2,2
128,7,8,3,7,2,1
129,3,6,2,7,2,1
130,3,8,2,8,3,2
131,3,8,1,5,3,1
132,5,9,2,8,3,1
133,5,8,3,9,2,1
134,5,7,3,3,3,1
135,7,8,3,7,2,1
136,7,2,2,8,1,1
137,9,3,2,7,3,3
138,5,7,2,7,1,1
139,7,5,1,9,2,1
140,8,5,3,3,2,1
141,7,8,3,8,3,2
142,4,8,3,7,3,3
143,1,5,3,9,3,1
144,7,5,2,3,3,2
145,5,5,3,9,2,2
146,7,9,2,4,3,1
147,8,8,3,7,2,1
148,10,7,3,7,3,2
149,7,7,1,8,2,1
150,5,7,3,8,3,1
151,7,8,2,4,2,1
152,7,8,3,5,1,1
153,4,8,3,5,3,1
154,2,7,2,9,1,2
155,5,8,3,8,3,2
156,3,7,2,9,2,1
157,3,8,3,9,2,1
158,6,8,2,9,1,1
159,10,8,3,5,1,1
160,8,10,3,9,2,3
161,7,8,3,9,3,1
162,7,4,1,5,1,1
163,5,5,3,8,3,1
164,7,8,3,9,2,2
165,5,7,3,5,3,2
166,1,8,3,7,3,1
167,5,8,1,3,3,2
168,5,10,1,7,1,2
169,5,7,1,1,2,1
170,5,9,2,3,3,1
171,2,7,2,9,2,1
172,5,7,2,7,3,2
173,2,3,3,3,1,1
174,6,5,2,7,3,1
175,5,8,2,7,2,1
176,1,7,1,9,3,2
177,3,8,1,7,3,1
178,2,9,1,10,3,2
179,7,4,2,8,1,2
180,6,7,3,7,1,3
181,9,8,2,10,3,2
182,7,8,1,9,2,1
183,2,8,2,4,3,1
184,3,8,2,5,2,1
185,3,8,3,3,2,1
186,10,7,3,8,3,2
187,5,8,1,7,3,2
188,5,7,2,9,1,2
189,5,8,3,7,2,3
190,3,7,3,3,3,2
191,5,8,2,9,3,2
192,7,8,1,7,3,2
193,7,9,1,3,3,2
194,3,8,3,2,1,1
195,7,8,3,7,3,2
196,3,7,3,2,3,2
197,5,5,1,9,2,3
198,3,10,2,3,2,2
199,5,8,1,8,2,2
200,2,8,1,7,1,2
201,10,8,2,7,2,3
202,1,8,3,2,1,1
203,10,8,2,7,2,2
204,3,5,1,3,2,1
205,7,5,3,9,1,1
206,8,5,3,4,3,3
207,1,3,3,8,1,1
208,3,3,3,7,3,1
209,4,7,1,9,2,1
210,7,8,2,8,3,2
211,7,8,3,8,3,1
212,5,5,3,7,2,2
213,5,8,3,4,3,2
214,3,6,1,8,3,1
215,7,4,3,9,2,2
216,7,8,2,2,3,1
217,6,7,3,9,2,2
218,1,4,2,9,2,1
219,7,10,2,9,1,3
220,7,8,2,8,2,3
221,3,5,2,8,3,1
222,5,9,3,8,2,3
223,5,3,2,7,3,1
224,3,5,3,8,3,1
225,1,8,2,8,3,2
226,8,7,3,7,3,2
227,9,5,3,9,1,3
228,4,10,2,8,3,1
229,7,7,2,8,3,1
230,8,8,3,3,1,3
231,7,8,2,2,2,2
232,5,5,2,3,3,2
233,5,9,2,9,2,2
234,7,2,3,7,3,1
235,1,3,3,9,1,3
236,6,5,3,5,3,2
237,8,8,2,8,3,1
238,5,7,3,8,1,3
239,5,7,1,3,2,1
240,7,7,3,9,2,1
241,6,5,1,7,1,2
242,7,8,1,4,3,3
243,3,7,1,9,3,2
244,5,8,2,7,2,1
245,2,1,2,3,3,1
246,10,8,2,7,2,2
247,5,7,2,9,2,1
248,6,8,2,9,2,2
249,7,5,3,3,1,3
250,3,7,3,9,2,1
251,9,8,3,2,3,3
252,7,8,1,7,3,1
253,7,8,2,9,3,1
254,7,2,3,7,3,1
255,5,8,3,3,2,2
256,3,9,2,8,1,3
257,5,7,2,7,2,2
258,4,1,2,7,3,1
259,7,4,1,4,3,1
260,7,3,1,9,3,1
261,5,7,3,8,3,1
262,6,9,2,7,3,1
263,9,3,2,8,2,2
264,5,10,2,6,3,1
265,3,4,2,9,1,2
266,3,8,2,9,2,2
267,3,2,2,7,3,1
268,5,8,3,7,3,1
269,7,1,2,9,1,1
270,7,5,1,8,3,2
271,3,6,1,9,2,3
272,7,6,3,9,3,1
273,7,3,3,7,2,3
274,2,8,3,5,3,1
275,8,10,2,10,2,1
276,7,5,3,3,2,1
277,3,8,2,7,2,1
278,7,1,1,9,2,2
279,2,8,3,7,2,2
280,3,9,3,8,1,1
281,7,8,1,9,3,3
282,5,7,1,8,2,2
283,1,7,2,7,2,1
284,6,7,3,3,1,1
285,5,7,3,3,1,1
286,9,8,3,8,3,1
287,3,9,3,8,3,3
288,7,7,1,9,2,1
289,1,8,1,7,2,1
290,7,5,3,8,3,1
291,6,7,3,9,3,2
292,8,8,3,10,2,3
293,7,7,2,8,2,3
294,3,8,1,8,2,2
295,5,4,3,7,2,1
296,9,8,1,8,2,3
297,7,5,3,3,3,3
298,5,3,2,8,3,1
299,7,1,2,8,1,3
300,8,2,2,9,2,2
301,5,8,2,8,3,2
302,5,6,1,7,1,1
303,8,3,3,3,3,1
304,7,4,2,7,3,2
305,3,7,2,9,1,3
306,7,3,3,7,1,3
307,1,1,3,9,1,2
308,7,5,3,10,3,2
309,7,9,2,9,2,2
310,2,7,3,8,3,1
311,5,3,2,9,3,3
312,9,8,3,8,3,2
313,3,5,2,3,2,1
314,3,9,3,3,3,1
315,7,5,3,9,3,2
316,3,8,3,9,3,3
317,2,5,3,9,2,2
318,3,3,2,8,3,2
319,5,8,2,8,1,1
320,8,4,3,5,1,1
321,7,5,3,7,2,1
322,7,8,2,10,3,1
323,5,5,1,7,3,2
324,7,7,1,8,1,1
325,5,3,2,9,1,3
326,8,8,2,7,3,1
327,3,8,2,7,1,2
328,7,7,2,5,1,1
329,7,5,2,9,3,1
330,9,7,3,5,3,1
331,3,8,3,4,2,1
332,3,6,2,5,3,2
333,7,4,2,8,2,2
334,5,6,3,7,3,1
335,3,8,2,3,2,1
336,5,10,3,9,2,2
337,3,9,2,7,2,1
338,6,3,2,4,2,2
339,7,8,2,9,3,2
340,1,8,3,2,3,1
341,8,5,2,6,3,1
342,9,8,2,9,3,2
343,5,5,3,8,3,2
344,5,9,1,7,2,1
345,5,1,2,7,3,3
346,5,8,1,9,2,3
347,10,7,1,9,2,1
348,9,1,2,8,3,2
349,7,10,3,4,2,1
350,9,2,3,6,2,1
351,3,3,1,7,3,2
352,5,3,3,7,3,2
353,7,3,3,5,2,1
354,5,8,3,1,2,2
355,7,8,3,8,2,1
356,8,5,3,7,2,3
357,3,7,2,7,3,2
358,7,5,2,8,3,1
359,8,8,2,6,1,1
360,7,1,3,8,2,1
361,10,7,2,7,1,1
362,6,8,2,8,3,2
363,8,3,3,7,2,1
364,3,7,2,9,2,2
365,7,2,3,9,3,1
366,5,7,2,7,3,3
367,6,7,3,8,3,1
368,3,1,2,2,3,1
369,5,8,2,4,3,2
370,5,2,3,8,2,1
371,7,8,3,9,2,1
372,4,5,2,7,3,2
373,3,8,1,3,1,1
374,4,5,1,8,3,1
375,2,8,2,9,3,2
376,5,8,3,8,2,2
377,5,7,2,9,2,3
378,9,8,2,9,2,2
379,6,8,3,7,1,1
380,7,7,2,8,1,1
381,1,2,1,8,2,3
382,7,8,1,10,1,1
383,7,7,3,8,3,2
384,7,8,1,5,3,1
385,7,7,3,9,1,1
386,9,8,2,7,3,1
387,4,5,3,7,3,1
388,2,8,3,9,3,2
389,7,5,2,9,2,1
390,5,6,3,7,2,3
391,5,5,2,9,3,1
392,3,8,3,7,3,3
393,1,8,1,8,3,3
394,2,7,3,5,3,2
395,10,7,3,9,1,3
396,8,7,1,3,3,1
397,5,3,3,10,3,2
398,4,8,1,7,3,1
399,8,8,2,9,2,1
400,4,7,2,3,3,2
401,7,8,2,7,3,2
402,7,7,3,1,3,2
403,5,10,2,7,3,3
404,5,8,1,4,2,2
405,5,8,2,7,1,2
406,5,7,2,1,2,1
407,1,5,3,6,3,2
408,5,8,2,9,1,2
409,7,7,3,7,2,1
410,7,3,2,8,2,1
411,7,8,1,6,3,1
412,9,5,1,8,1,2
413,5,8,1,3,1,1
414,5,4,3,7,2,3
415,7,5,3,7,2,1
416,5,7,3,8,2,1
417,7,8,3,9,2,1
418,6,8,2,7,2,1
419,7,6,3,8,1,2
420,7,5,2,9,3,1
421,5,8,3,9,3,1
422,7,5,2,7,3,2
423,1,3,1,6,2,1
424,5,8,2,7,3,2
425,7,8,2,8,2,2
426,5,7,2,7,3,1
427,5,7,3,8,3,2
428,10,7,1,9,3,2
429,2,3,1,7,3,1
430,7,7,3,5,3,1
431,3,6,3,9,3,2
432,1,8,3,9,3,3
433,5,1,2,10,2,1
434,2,4,3,8,3,1
435,8,7,2,5,3,2
436,4,7,2,6,3,1
437,7,7,2,7,2,3
438,2,7,3,8,3,2
439,7,8,3,9,3,2
440,1,8,2,5,3,2
441,7,3,3,6,3,1
442,5,3,3,8,3,1
443,5,3,2,7,3,3
444,7,1,3,9,2,1
445,3,6,1,8,2,2
446,3,5,3,2,3,1
447,5,7,2,7,3,1
448,8,8,2,1,2,2
449,5,5,1,7,3,2
450,5,5,1,9,3,3
451,7,8,2,8,3,2
452,3,7,3,9,2,2
453,10,8,2,8,1,1
454,7,5,1,9,3,2
455,9,5,3,9,3,3
456,7,7,3,10,1,1
457,8,10,3,8,2,2
458,7,8,2,9,2,3
459,7,8,3,6,1,2
460,5,6,3,5,3,1
461,5,8,1,3,2,3
462,5,6,1,5,2,2
463,7,7,3,3,3,1
464,3,9,2,7,2,1
465,9,8,1,10,1,1
466,3,1,3,8,2,1
467,3,6,3,8,3,2
468,10,5,1,8,3,1
469,7,1,2,8,2,3
470,7,7,2,7,1,2
471,7,8,2,8,3,1
472,5,2,1,3,1,2
473,5,8,2,3,2,3
474,3,9,3,9,2,2
475,7,4,2,4,2,1
476,9,8,3,8,3,1
477,5,8,3,8,3,2
478,7,7,2,8,1,1
479,7,5,3,3,2,2
480,7,7,2,7,3,2
481,4,9,3,7,3,3
482,7,5,2,9,3,1
483,1,8,2,7,2,1
484,5,8,2,7,2,1
485,7,3,2,8,2,2
486,6,5,3,3,2,3
487,7,8,2,7,3,1
488,7,8,1,8,2,2
489,9,7,2,9,2,2
490,9,7,3,5,3,1
491,3,5,3,8,2,2
492,9,8,3,8,1,3
493,7,8,3,9,1,3
494,7,7,3,9,2,1
495,10,8,1,1,2,1
496,5,5,3,10,2,1
497,7,7,3,1,2,2
498,7,8,2,9,2,2
499,7,4,3,7,2,2
500,3,8,1,3,2,1
501,5,8,3,3,2,2
502,10,1,2,8,2,3
503,7,7,3,9,2,1
504,5,7,3,9,2,1
505,4,7,3,9,3,1
506,5,8,3,9,3,3
507,3,3,2,3,3,1
508,7,6,3,1,2,1
509,7,8,2,2,2,2
510,7,5,3,9,3,2
511,5,9,3,7,3,1
512,3,4,1,8,3,1
513,9,9,2,8,1,2
514,5,9,3,9,2,1
515,7,8,3,9,2,1
516,7,8,2,8,2,2
517,7,8,3,7,3,3
518,5,5,3,7,2,1
519,7,8,3,9,1,1
520,7,7,3,6,3,1
521,5,5,3,3,3,2
522,9,7,2,1,1,1
523,7,8,3,9,2,2
524,7,7,3,4,3,2
525,5,7,3,5,2,1
526,5,8,3,9,2,3
527,1,8,3,8,3,3
528,9,8,3,1,3,1
529,7,7,3,8,3,1
530,3,6,2,9,3,3
531,5,6,3,9,1,1
532,3,5,1,7,3,1
533,7,3,2,10,3,2
534,5,5,2,8,3,2
535,5,1,3,9,3,2
536,10,5,2,9,2,3
537,7,1,3,8,2,1
538,1,9,1,5,3,1
539,5,5,1,8,2,1
540,8,8,2,3,1,2
541,7,7,3,1,1,1
542,9,9,2,8,3,2
543,5,7,3,7,3,1
544,5,8,2,2,2,3
545,3,8,3,4,2,2
546,6,6,3,9,2,1
547,5,9,1,3,3,3
548,3,7,3,9,3,1
549,3,9,1,9,3,1
550,9,7,3,9,2,2
551,7,7,1,10,2,1
552,5,7,2,9,2,1
553,7,8,1,8,1,2
554,7,3,3,9,3,1
555,10,5,3,1,3,3
556,7,2,3,8,2,1
557,3,8,3,8,3,3
558,7,6,3,8,2,2
559,8,7,1,8,3,2
560,10,8,3,7,3,2
561,7,5,3,8,1,3
562,3,8,2,7,2,3
563,7,7,1,6,2,3
564,9,7,2,9,3,2
565,3,7,2,8,2,1
566,4,8,1,7,3,2
567,3,7,3,10,3,3
568,5,8,3,7,2,3
569,9,8,2,7,2,1
570,7,8,3,1,3,1
571,1,8,3,6,3,1
572,5,9,1,9,2,1
573,5,8,2,9,3,1
574,7,2,1,7,1,1
575,7,5,3,7,3,2
576,7,10,3,10,1,3
577,7,7,3,8,3,1
578,8,5,2,9,2,1
579,7,4,2,3,3,1
580,5,10,2,6,2,2
581,5,7,3,8,3,1
582,4,9,3,9,1,1
583,7,8,1,7,3,1
584,7,3,3,4,2,1
585,7,5,3,3,3,2
586,5,7,2,8,3,3
587,7,8,3,8,3,2
588,6,6,3,9,2,3
589,6,7,1,7,3,1
590,7,9,3,3,3,1
591,7,6,3,9,2,2
592,7,8,3,5,2,2
593,7,3,3,7,1,2
594,7,5,1,7,3,1
595,7,7,1,7,2,3
596,9,7,3,8,2,2
597,4,7,2,7,3,2
598,8,5,3,9,2,2
599,4,8,3,10,3,1
600,7,7,2,7,3,2
601,7,9,3,9,3,2
602,7,2,2,8,2,2
603,5,7,2,5,2,2
604,3,5,3,9,1,1
605,7,8,2,9,3,2
606,2,8,1,8,1,1
607,3,5,1,3,3,1
608,3,9,1,3,3,1
609,5,8,2,4,1,3
610,5,5,3,8,3,1
611,6,7,3,6,3,1
612,7,3,2,3,3,2
613,3,8,3,9,3,1
614,3,8,3,3,2,2
615,5,8,3,8,2,2
616,5,8,3,9,3,2
617,8,8,3,7,3,1
618,7,7,3,8,2,2
619,1,3,3,3,3,1
620,7,8,2,3,3,1
621,2,6,3,9,3,1
622,4,8,3,9,3,2
623,7,7,3,9,3,1
624,7,7,2,9,1,3
625,3,8,2,8,3,1
626,7,7,3,8,3,1
627,5,3,3,9,3,1
628,5,7,3,3,2,1
629,5,8,3,6,2,1
630,4,5,1,4,2,1
631,7,5,1,7,1,2
632,3,9,2,7,3,1
633,3,7,2,9,3,2
634,7,7,3,6,3,2
635,1,5,1,8,1,2
636,7,5,3,7,3,1
637,5,5,3,3,3,2
638,1,7,2,7,1,1
639,1,8,2,4,3,2
640,7,4,2,9,3,1
641,5,7,3,8,2,2
642,5,7,3,3,3,1
643,7,4,2,7,2,1
644,6,8,1,7,3,2
645,7,8,3,7,3,2
646,5,1,3,7,1,3
647,7,8,2,8,3,2
648,7,7,2,3,1,1
649,5,8,1,6,3,1
650,7,2,1,9,2,3
651,7,7,3,8,3,2
652,7,10,3,5,2,2
653,7,8,1,9,3,2
654,7,5,3,9,1,1
655,5,7,3,8,2,1
656,9,8,3,9,3,1
657,10,7,2,9,1,2
658,7,2,3,10,2,3
659,7,4,3,8,2,1
660,1,8,2,7,2,2
661,7,7,2,9,3,1
662,3,3,2,9,2,2
663,9,10,2,7,3,1
664,8,3,1,9,2,3
665,7,3,3,2,3,1
666,5,6,3,8,3,3
667,7,7,1,9,3,2
668,1,10,2,8,3,1
669,5,9,2,7,2,2
670,5,8,3,7,2,1
671,7,7,3,7,2,3
672,10,1,1,9,3,3
673,7,10,2,9,3,2
674,5,8,3,3,3,3
675,6,4,3,8,3,3
676,5,7,1,8,3,1
677,5,9,3,5,2,1
678,5,3,3,5,2,2
679,7,7,2,7,3,1
680,5,5,3,8,2,3
681,1,8,2,9,2,1
682,1,7,2,9,3,2
683,7,4,1,4,1,1
684,7,8,1,7,2,3
685,5,7,1,4,2,1
686,7,8,1,9,1,1
687,2,5,3,7,3,3
688,7,5,3,8,3,2
689,5,10,1,8,2,2
690,4,10,1,7,3,1
691,9,8,2,9,2,1
692,5,5,1,9,2,3
693,4,10,3,7,2,1
694,7,6,3,7,3,1
695,9,7,3,5,2,2
696,3,1,1,8,2,1
697,3,7,2,9,2,2
698,7,8,2,10,2,1
699,3,2,3,6,1,1
700,4,10,2,4,1,2
701,7,5,3,10,3,2
702,3,8,3,10,3,3
703,2,7,2,5,3,1
704,3,6,3,8,3,2
705,7,8,2,9,3,1
706,8,5,2,9,1,2
707,5,2,1,7,1,1
708,5,7,2,9,2,1
709,5,2,2,9,2,1
710,7,1,2,7,3,1
711,5,8,3,9,2,1
712,7,3,3,10,3,1
713,10,7,1,9,3,1
714,7,6,2,8,1,2
715,5,6,2,9,3,1
716,4,7,2,7,1,2
717,7,7,3,7,3,2
718,2,8,2,1,2,2
719,5,9,3,9,3,1
720,5,7,3,9,2,1
721,3,1,2,8,1,2
722,5,1,2,9,2,1
723,7,8,3,9,3,2
724,7,7,3,7,3,1
725,1,7,3,7,3,1
726,1,8,3,7,1,2
727,5,10,3,9,3,1
728,2,3,2,8,3,1
729,7,5,3,7,2,3
730,3,6,3,9,3,1
731,7,9,2,2,3,1
732,8,10,2,7,2,1
733,10,2,1,9,2,3
734,8,8,3,9,2,1
735,5,3,3,9,3,1
736,5,7,3,8,1,1
737,7,5,3,3,3,3
738,4,3,3,9,3,3
739,7,10,2,9,1,1
740,10,8,3,9,3,2
741,5,7,3,7,1,1
742,7,8,3,7,2,2
743,7,3,3,7,3,1
744,5,7,3,9,1,3
745,7,8,3,8,2,1
746,2,3,3,9,3,2
747,5,8,2,4,1,1
748,3,5,3,10,3,1
749,7,10,1,5,3,2
750,1,8,2,9,3,2
751,8,7,2,9,1,1
752,3,9,3,8,3,2
753,3,5,2,7,3,3
754,3,8,3,8,3,1
755,5,7,3,9,3,3
756,10,8,2,8,3,1
757,3,8,3,8,2,1
758,6,7,3,9,3,1
759,5,8,2,2,2,2
760,7,5,3,7,3,1
761,3,5,3,8,3,2
762,1,8,2,9,3,3
763,6,5,2,4,3,1
764,3,7,2,7,3,2
765,9,8,1,9,3,3
766,3,8,1,8,2,2
767,7,4,3,8,2,1
768,4,9,1,9,2,1
769,7,7,3,9,2,1
770,5,1,3,9,2,1
771,7,10,3,7,2,1
772,5,8,3,7,1,3
773,3,3,2,9,2,1
774,7,7,1,1,3,1
775,3,7,2,9,3,2
776,7,8,3,4,3,1
777,3,8,1,9,3,1
778,5,8,3,6,3,1
779,5,10,2,7,2,2
780,3,5,2,8,3,1
781,10,7,3,3,3,1
782,7,6,3,5,2,2
783,8,8,3,9,3,1
784,7,7,3,3,2,1
785,6,5,2,8,3,3
786,2,7,2,7,3,1
787,7,1,2,9,3,1
788,5,8,3,6,2,1
789,7,5,1,9,1,3
790,5,7,2,7,2,1
791,3,5,3,8,3,3
792,3,5,2,8,3,2
793,5,7,3,2,1,1
794,7,6,3,3,1,2
795,5,7,2,7,3,1
796,5,5,1,9,3,2
797,8,8,3,9,1,3
798,2,6,2,7,3,2
799,10,7,3,9,2,2
800,7,3,3,3,3,3
801,2,8,3,8,3,1
802,7,5,3,8,3,2
803,7,7,3,9,2,2
804,7,8,2,8,3,1
805,4,4,3,3,2,1
806,6,8,2,7,3,2
807,7,7,3,10,3,1
808,9,10,3,9,1,1
809,2,6,3,8,3,2
810,7,5,2,9,3,1
811,7,8,3,6,3,1
812,2,7,3,4,3,3
813,7,7,2,9,2,2
814,10,5,3,9,2,3
815,6,8,1,9,2,2
816,4,7,2,9,3,2
817,7,3,3,7,1,1
818,7,7,2,8,3,3
819,6,2,2,9,3,2
820,7,2,2,10,1,2
821,5,3,3,7,2,1
822,3,8,3,7,3,3
823,9,8,3,8,3,2
824,10,5,3,8,2,1
825,3,8,3,7,2,1
826,5,1,3,9,1,1
827,5,5,1,8,3,2
828,3,8,3,5,1,1
829,5,8,2,9,3,3
830,5,8,1,7,1,2
831,6,8,3,3,1,1
832,1,3,1,3,2,1
833,5,7,2,7,3,1
834,7,9,3,9,3,1
835,7,10,1,6,3,1
836,5,8,2,9,2,2
837,8,7,1,6,2,2
838,5,3,2,8,3,3
839,3,7,2,6,3,1
840,7,3,3,9,2,2
841,8,3,3,8,1,2
842,5,10,3,9,3,1
843,9,7,2,1,2,1
844,3,2,2,8,3,1
845,3,1,2,10,3,1
846,9,8,3,9,3,2
847,3,7,3,7,3,1
848,1,7,2,7,2,2
849,7,5,1,7,3,3
850,6,9,3,9,3,1
851,5,8,3,2,3,2
852,5,8,3,7,1,1
853,8,7,2,1,2,1
854,5,7,2,8,3,1
855,5,8,3,7,2,3
856,7,1,1,3,2,2
857,5,7,3,8,3,1
858,5,5,1,9,3,1
859,3,8,3,7,3,2
860,5,8,2,8,1,1
861,3,2,3,8,1,1
862,7,8,3,7,3,1
863,7,5,3,9,3,2
864,3,8,2,7,3,1
865,3,3,2,9,1,1
866,7,8,3,9,3,3
867,7,7,3,10,2,2
868,5,5,1,6,1,2
869,10,7,3,8,3,3
870,8,8,3,10,2,1
871,4,8,3,8,3,1
872,3,8,3,3,1,2
873,7,4,2,10,3,1
874,7,5,1,8,3,1
875,1,8,3,7,3,1
876,1,8,3,7,2,1
877,7,8,2,8,2,2
878,7,5,3,8,3,2
879,7,7,2,3,2,1
880,10,7,3,4,3,3
881,5,8,3,7,3,1
882,7,5,1,7,1,3
883,5,8,3,8,1,1
884,10,8,3,3,3,3
885,7,8,3,7,3,1
886,7,8,3,3,2,3
887,5,5,1,4,3,3
888,7,2,3,3,2,2
889,7,3,2,8,3,1
890,7,6,3,9,3,1
891,5,5,3,9,2,1
892,7,10,2,9,3,3
893,10,8,3,7,1,3
894,7,8,2,3,2,3
895,5,10,3,7,3,3
896,7,8,2,7,3,1
897,5,7,3,8,3,3
898,7,7,3,9,3,2
899,7,8,2,4,2,3
900,1,6,2,8,3,1
901,8,5,3,7,3,1
902,5,3,2,8,2,1
903,7,8,2,7,2,1
904,7,8,3,7,3,2
905,5,10,3,8,3,2
906,7,6,2,8,3,1
907,5,2,3,7,3,2
908,4,9,3,7,3,1
909,5,7,3,9,1,2
910,3,3,2,7,3,2
911,7,7,3,8,3,1
912,3,8,2,9,3,1
913,7,10,3,5,2,1
914,7,5,3,8,2,2
915,9,6,3,9,2,2
916,5,3,2,3,3,1
917,3,5,2,8,3,1
918,10,10,2,4,1,2
919,7,8,3,9,1,2
920,7,3,2,3,3,1
921,10,5,2,8,1,2
922,3,7,2,3,3,1
923,7,8,2,7,2,1
924,3,2,2,8,2,2
925,1,3,2,9,1,1
926,3,3,3,3,2,1
927,1,3,2,9,3,1
928,5,4,3,8,2,1
929,9,5,3,2,3,1
930,5,7,2,9,3,2
931,5,8,2,3,3,2
932,5,2,3,4,3,1
933,3,7,3,8,2,1
934,7,8,2,10,2,1
935,9,7,3,3,2,1
936,7,2,2,9,3,1
937,5,7,3,7,3,1
938,3,9,3,1,3,1
939,7,3,3,9,3,1
940,7,8,1,10,2,1
941,9,7,1,7,1,2
942,3,8,1,8,1,3
943,5,8,2,7,3,1
944,7,5,3,9,2,1
945,7,5,2,9,2,2
946,5,5,2,8,2,3
947,7,7,3,8,3,2
948,1,3,1,7,3,1
949,7,1,2,7,3,1
950,6,7,1,8,2,3
951,5,8,3,8,2,2
952,7,7,3,3,2,2
953,5,3,1,8,3,1
954,7,7,3,9,3,2
955,3,8,2,8,1,2
956,9,8,1,7,3,2
957,10,3,2,8,1,3
958,5,5,2,9,1,1
959,6,3,3,8,1,2
960,5,6,3,9,1,2
961,1,4,3,9,1,2
962,2,7,3,7,1,1
963,7,5,3,8,3,1
964,1,5,2,5,3,1
965,5,5,3,1,2,1
966,10,10,2,4,3,1
967,7,2,2,9,3,3
968,5,10,3,9,3,2
969,5,7,2,8,2,1
970,5,5,3,1,3,1
971,7,5,1,9,3,1
972,7,9,2,3,3,1
973,6,5,2,3,2,2
974,8,8,2,8,3,1
975,8,2,3,10,3,1
976,2,8,2,10,3,2
977,8,8,2,7,3,1
978,3,7,3,8,1,1
979,5,1,3,2,2,2
980,4,7,3,9,3,1
981,5,5,3,9,3,1
982,5,2,3,8,3,2
983,6,8,3,8,3,2
984,7,6,3,9,3,1
985,7,8,3,7,3,3
986,7,5,3,1,1,2
987,5,5,2,4,2,2
988,7,8,2,3,2,2
989,3,8,3,7,2,1
990,7,7,3,8,3,3
991,7,4,3,2,2,1
992,5,7,3,4,2,3
993,7,3,2,9,3,1
994,9,7,3,3,3,1
995,8,7,3,9,1,3
996,7,5,2,8,2,2
997,3,8,3,1,3,1
998,7,7,3,9,2,2
999,5,1,3,9,3,1
1000,7,9,2,1,2,2
1001,7,10,1,8,2,2
1002,10,3,2,7,2,1
1003,7,4,3,9,3,1
1004,3,3,1,7,3,1
1005,5,5,2,8,2,1
1006,9,5,1,9,3,2
1007,4,5,2,8,2,2
1008,5,7,3,9,3,2
1009,7,8,3,3,2,1
1010,7,5,3,4,2,2
1011,8,7,3,8,2,1
1012,5,1,3,9,2,1
1013,7,4,1,9,2,1
1014,5,4,2,7,3,3
1015,2,8,2,8,1,1
1016,6,10,2,10,3,1
1017,7,8,3,8,2,2
1018,7,8,2,8,3,1
1019,7,3,3,9,3,1
1020,1,4,2,4,2,2
1021,6,8,3,7,2,2
1022,5,3,1,9,2,1
1023,7,7,3,9,2,2
1024,5,8,3,9,1,3
1025,7,7,2,3,2,1
1026,6,8,2,4,3,2
1027,3,5,3,3,3,1
1028,7,7,3,3,3,1
1029,7,2,1,4,1,1
1030,7,3,3,7,1,2
1031,9,8,1,7,3,1
1032,5,7,3,8,3,1
1033,5,8,3,9,2,3
1034,4,8,2,7,3,1
1035,7,5,2,9,3,2
1036,6,8,1,8,3,2
1037,7,5,1,7,1,1
1038,5,8,3,5,2,1
1039,5,8,2,7,3,1
1040,7,5,2,7,3,1
1041,3,5,2,9,3,1
1042,7,7,1,3,1,1
1043,7,7,3,8,3,2
1044,1,1,1,8,3,2
1045,4,3,3,3,3,2
1046,6,7,1,9,2,1
1047,3,8,3,8,3,2
1048,4,5,2,8,2,2
1049,3,8,2,8,3,1
1050,3,1,2,9,2,2
1051,5,7,3,9,2,1
1052,7,2,3,4,3,1
1053,7,8,3,6,3,2
1054,7,2,2,5,1,2
1055,4,6,1,8,2,2
1056,10,7,2,8,3,1
1057,3,5,3,8,2,1
1058,6,7,3,9,3,1
1059,7,1,1,8,2,3
1060,3,8,2,7,2,3
1061,3,8,2,6,2,1
1062,7,8,3,9,2,1
1063,5,9,1,8,2,2
1064,7,6,2,8,2,1
1065,5,6,3,10,3,2
1066,7,4,1,9,1,1
1067,7,8,1,8,2,1
1068,7,8,3,8,1,3
1069,6,9,2,8,3,1
1070,1,7,3,8,1,1
1071,5,7,3,10,3,1
1072,1,5,3,9,3,2
1073,5,5,3,7,3,3
1074,3,2,3,7,3,1
1075,6,8,3,9,3,1
1076,6,7,1,9,3,2
1077,8,8,2,3,2,2
1078,3,6,3,2,3,2
1079,1,8,3,8,3,2
1080,2,1,3,8,3,1
1081,7,8,2,8,3,1
1082,5,7,3,8,1,1
1083,3,5,3,9,2,1
1084,5,2,2,7,2,2
1085,8,6,3,8,3,1
1086,9,9,2,7,3,1
1087,1,7,2,9,3,1
1088,2,5,3,7,2,1
1089,3,7,2,7,1,2
1090,9,5,3,7,3,1
1091,7,3,3,9,2,1
1092,6,7,3,7,2,2
1093,6,2,1,7,3,1
1094,5,7,2,7,2,2
1095,9,7,2,2,3,2
1096,8,3,2,7,3,2
1097,5,5,3,9,2,1
1098,4,5,3,3,1,1
1099,7,8,2,1,3,1
1100,7,8,3,8,3,1
1101,8,5,2,1,3,3
1102,7,7,1,3,3,2
1103,7,8,3,3,3,2
1104,10,5,3,8,3,3
1105,5,8,3,1,3,1
1106,5,3,1,4,2,2
1107,3,8,2,3,2,2
1108,7,7,2,8,2,1
1109,2,8,3,9,3,1
1110,8,6,2,1,1,1
1111,7,4,1,9,2,1
1112,5,6,3,7,3,1
1113,5,7,1,6,2,2
1114,9,8,2,5,3,1
1115,10,7,3,8,2,3
1116,1,8,3,8,1,1
1117,5,7,3,7,3,1
1118,6,10,2,3,3,1
1119,9,8,2,8,2,1
1120,8,5,3,9,2,1
1121,10,8,2,8,2,3
1122,3,3,3,7,3,1
1123,7,7,3,5,3,2
1124,7,3,2,7,3,2
1125,3,10,3,9,2,2
1126,7,8,3,8,2,1
1127,10,5,2,7,2,2
1128,5,3,2,9,2,1
1129,5,3,2,7,3,1
1130,5,5,1,8,3,1
1131,9,7,3,9,2,3
1132,9,6,1,9,3,1
1133,3,8,1,9,2,1
1134,3,7,3,7,3,1
1135,5,8,1,9,3,1
1136,7,5,2,8,2,1
1137,7,7,3,8,2,2
1138,6,3,3,1,3,3
1139,7,8,2,9,1,3
1140,8,4,3,8,3,3
1141,10,1,3,10,3,2
1142,8,3,2,9,3,1
1143,6,7,3,8,3,2
1144,7,7,2,8,3,3
1145,5,5,3,9,3,1
1146,5,8,3,7,3,1
1147,1,4,3,10,1,2
1148,5,10,1,9,2,1
1149,7,2,3,2,3,3
1150,2,6,2,10,1,1
1151,2,2,1,3,3,1
1152,5,8,3,9,1,2
1153,7,8,1,8,3,1
1154,5,5,3,3,3,1
1155,7,8,3,9,3,1
1156,8,7,3,8,1,2
1157,5,7,2,9,2,2
1158,3,8,2,8,1,2
1159,7,1,1,8,1,2
1160,5,10,2,7,2,1
1161,5,9,3,9,3,2
1162,5,6,3,9,3,3
1163,5,8,2,5,3,1
1164,5,8,3,8,3,2
1165,3,8,1,3,2,1
1166,7,3,2,8,2,2
1167,7,5,3,9,2,2
1168,7,8,2,8,1,2
1169,2,1,3,3,2,1
1170,7,10,1,8,1,2
1171,3,8,2,7,3,1
1172,7,7,3,4,3,1
1173,7,1,3,8,3,1
1174,5,2,3,8,2,1
1175,7,8,2,8,3,2
1176,3,1,3,7,3,1
1177,7,7,2,3,2,2
1178,5,5,2,3,1,2
1179,2,5,3,5,2,1
1180,3,8,3,7,2,1
1181,6,8,2,9,2,2
1182,3,9,1,7,3,2
1183,7,7,1,8,3,2
1184,8,7,1,4,2,1
1185,7,10,1,8,2,1
1186,7,5,3,1,2,3
1187,7,3,2,9,3,2
1188,4,5,2,1,2,1
1189,5,8,1,8,2,2
1190,10,3,3,6,3,2
1191,5,5,3,9,3,1
1192,3,8,2,10,3,2
1193,7,10,3,3,1,2
1194,5,5,2,7,1,1
1195,2,8,2,8,3,2
1196,6,7,3,7,2,1
1197,7,7,3,3,3,1
1198,4,3,3,9,2,1
1199,7,4,2,9,1,2
1200,5,1,2,8,3,1
1201,7,8,2,9,1,3
1202,5,3,3,4,2,2
1203,8,3,3,8,2,3
1204,2,8,2,8,2,2
1205,7,6,3,9,3,1
1206,6,5,3,7,3,1
1207,5,8,2,7,2,1
1208,7,1,1,8,3,3
1209,7,10,1,9,3,1
1210,7,8,3,7,1,2
1211,6,8,3,7,3,2
1212,7,6,3,7,3,1
1213,5,1,3,3,3,2
1214,5,8,3,7,2,1
1215,5,8,3,9,3,2
1216,2,7,3,3,3,1
1217,5,8,3,3,3,2
1218,1,1,2,7,1,3
1219,7,7,2,9,2,1
1220,7,3,2,8,2,1
1221,5,8,3,9,2,2
1222,5,7,1,7,3,1
1223,7,7,3,4,3,2
1224,5,8,3,8,3,1
1225,6,2,2,4,3,2
1226,7,8,1,8,3,1
1227,5,5,3,9,3,3
1228,10,7,1,3,2,2
1229,5,5,3,1,2,2
1230,5,5,2,9,3,1
1231,10,8,2,9,1,2
1232,10,8,3,8,2,2
1233,5,5,3,9,3,1
1234,1,8,3,9,1,3
1235,5,1,3,3,2,2
1236,7,4,3,6,1,1
1237,6,5,2,1,2,1
1238,7,3,2,7,2,1
1239,7,5,3,3,1,3
1240,7,7,1,8,1,1
1241,7,7,1,9,1,2
1242,9,8,1,7,3,1
1243,10,4,2,8,2,1
1244,7,1,2,9,3,2
1245,10,8,3,9,2,2
1246,5,6,1,7,1,2
1247,9,10,3,7,2,1
1248,9,7,2,9,2,2
1249,7,7,3,7,1,1
1250,3,6,1,8,1,3
1251,1,8,2,9,1,2
1252,5,8,3,3,3,1
1253,3,8,3,2,3,3
1254,6,5,3,9,3,3
1255,2,6,3,8,3,1
1256,7,10,1,8,3,1
1257,7,7,3,9,2,1
1258,7,3,2,6,3,1
1259,1,7,3,8,2,1
1260,6,7,3,8,3,2
1261,8,7,1,7,2,1
1262,10,7,1,9,1,2
1263,6,8,2,7,2,3
1264,3,7,3,7,2,2
1265,4,7,2,2,2,1
1266,3,7,3,9,2,2
1267,3,5,2,4,2,1
1268,2,6,2,7,2,1
1269,5,7,2,9,2,1
1270,7,8,3,2,3,2
1271,8,7,3,1,1,2
1272,5,8,2,6,2,2
1273,3,7,2,9,1,2
1274,5,8,2,2,3,1
1275,4,7,2,7,3,2
1276,4,7,2,8,3,1
1277,2,5,3,8,3,2
1278,2,8,3,7,3,1
1279,10,7,3,3,3,1
1280,5,7,2,7,3,2
1281,2,7,3,8,1,1
1282,5,8,2,1,2,2
1283,9,1,3,8,2,1
1284,7,8,3,1,3,3
1285,5,8,3,9,2,2
1286,7,7,3,6,3,3
1287,7,4,2,8,1,1
1288,2,4,2,6,2,2
1289,7,7,2,9,2,3
1290,7,8,1,10,3,3
1291,8,5,3,8,2,3
1292,10,10,3,8,3,1
1293,3,8,3,8,2,2
1294,6,1,3,7,2,1
1295,5,6,3,8,1,1
1296,6,7,2,7,3,2
1297,9,6,2,8,3,2
1298,5,10,3,7,2,3
1299,8,6,2,7,3,1
1300,7,8,3,4,2,1
1301,5,7,3,8,3,1
1302,7,5,3,9,2,2
1303,5,7,3,9,3,1
1304,5,5,2,8,2,1
1305,5,5,3,8,3,1
1306,1,3,2,10,2,1
1307,3,8,2,4,3,3
1308,7,4,2,8,3,1
1309,5,7,3,9,1,2
1310,2,7,3,9,1,1
1311,7,4,3,9,2,1
1312,1,7,3,9,3,1
1313,9,2,3,9,3,1
1314,7,8,2,9,3,2
1315,9,7,3,8,3,1
1316,7,7,3,9,3,3
1317,3,8,3,7,2,1
1318,5,1,3,3,2,3
1319,3,8,2,9,1,1
1320,5,2,3,8,2,1
1321,5,8,3,2,3,2
1322,3,5,3,8,3,2
1323,5,8,3,5,2,2
1324,9,5,3,7,1,1
1325,7,7,3,7,3,1
1326,5,8,2,2,3,2
1327,5,7,3,5,2,1
1328,8,6,3,8,3,2
1329,10,5,3,3,2,2
1330,5,10,3,6,1,1
1331,7,5,2,5,2,1
1332,7,8,1,3,2,1
1333,5,3,2,1,3,2
1334,7,3,1,9,3,1
1335,5,7,3,9,3,3
1336,3,8,3,7,1,2
1337,1,7,2,6,2,2
1338,9,5,1,9,3,1
1339,5,5,2,3,1,3
1340,8,5,3,6,3,1
1341,8,7,2,9,3,2
1342,10,2,3,9,3,2
1343,3,8,2,9,2,3
1344,5,8,2,9,3,2
1345,7,10,3,7,2,1
1346,4,8,1,8,3,1
1347,5,8,3,8,3,2
1348,6,7,1,3,2,2
1349,1,8,2,3,3,2
1350,5,7,1,3,3,3
1351,4,2,2,7,3,2
1352,5,5,3,8,1,3
1353,7,7,3,8,1,2
1354,10,7,3,5,3,1
1355,6,7,3,8,1,1
1356,3,9,3,2,1,1
1357,3,8,2,8,2,1
1358,5,6,3,4,3,3
1359,7,3,3,7,1,3
1360,7,5,3,9,2,3
1361,7,8,1,9,1,1
1362,7,7,3,9,2,1
1363,9,8,1,8,2,1
1364,2,7,2,8,1,1
1365,7,6,3,3,1,1
1366,3,3,2,8,3,1
1367,7,4,3,9,2,1
1368,7,5,2,9,1,1
1369,5,5,2,7,3,1
1370,7,3,2,9,1,1
1371,5,6,3,9,2,1
1372,5,8,3,9,2,1
1373,5,8,1,2,2,3
1374,5,4,3,9,3,2
1375,9,3,2,8,3,2
1376,2,7,2,9,3,3
1377,6,7,3,9,2,1
1378,7,8,3,3,3,1
1379,7,1,3,2,3,1
1380,10,7,2,7,3,2
1381,5,8,3,9,3,1
1382,9,7,1,8,2,2
1383,7,8,3,3,1,1
1384,1,8,3,3,3,3
1385,1,7,1,9,2,2
1386,5,7,2,7,2,1
1387,5,6,3,9,3,3
1388,7,8,2,3,3,2
1389,5,7,3,9,3,1
1390,5,7,2,8,3,1
1391,5,8,3,8,3,1
1392,10,7,1,7,2,2
1393,2,2,1,9,3,1
1394,5,7,3,10,3,3
1395,7,7,3,8,3,1
1396,5,6,2,2,2,1
1397,5,5,2,1,3,2
1398,5,5,3,9,2,1
1399,7,3,1,9,3,1
1400,6,8,2,3,3,2
1401,7,5,3,8,3,1
1402,5,7,2,7,3,1
1403,3,8,3,3,1,2
1404,7,10,3,8,2,1
1405,4,9,3,9,3,3
1406,4,2,3,7,2,3
1407,7,9,3,7,3,1
1408,5,6,2,8,1,2
1409,7,4,3,2,3,3
1410,5,6,3,3,3,2
1411,5,8,3,7,2,2
1412,5,2,2,10,3,1
1413,3,8,2,5,2,1
1414,4,9,3,7,2,2
1415,7,1,3,6,2,1
1416,8,1,3,7,3,1
1417,8,5,3,8,3,1
1418,3,7,3,9,2,2
1419,3,6,2,9,1,1
1420,7,10,3,7,1,1
1421,5,6,3,9,3,1
1422,5,1,3,9,3,3
1423,2,4,2,7,1,1
1424,7,8,2,9,3,1
1425,7,7,2,8,3,2
1426,5,8,2,8,3,3
1427,7,3,2,7,3,1
1428,3,7,1,9,2,3
1429,5,5,1,9,2,2
1430,3,2,2,7,3,1
1431,7,7,2,8,2,1
1432,6,8,3,8,3,1
1433,3,9,3,7,3,1
1434,7,5,1,10,1,2
1435,1,8,3,3,1,3
1436,7,8,2,9,3,1
1437,7,2,3,2,1,1
1438,7,8,2,9,3,3
1439,3,10,2,10,3,2
1440,7,8,3,6,1,3
1441,7,7,2,5,2,1
1442,3,7,2,9,3,1
1443,6,5,3,8,3,2
1444,7,3,2,8,1,2
1445,4,7,1,3,3,2
1446,5,7,3,5,3,2
1447,3,9,3,9,3,2
1448,6,8,3,9,3,3
1449,5,8,3,7,2,3
1450,7,8,1,9,2,3
1451,2,9,2,9,2,2
1452,5,8,2,3,3,2
1453,3,3,3,8,2,3
1454,7,7,3,7,2,1
1455,5,7,3,9,2,2
1456,10,7,2,7,3,1
1457,7,3,2,7,2,1
1458,2,5,1,8,2,1
1459,5,4,3,3,3,2
1460,3,5,3,7,3,3
1461,5,10,3,8,3,1
1462,5,9,1,9,1,1
1463,7,5,3,9,3,1
1464,7,4,1,7,2,1
1465,3,8,3,2,1,2
1466,8,10,3,8,3,2
1467,7,8,2,7,2,2
1468,4,5,3,8,3,1
1469,6,8,3,7,1,1
1470,1,2,3,7,2,1
1471,10,9,3,3,3,3
1472,3,7,2,7,1,3
1473,5,1,3,9,2,1
1474,7,8,3,8,2,1
1475,7,1,3,8,2,2
1476,5,10,3,3,2,2
1477,5,5,2,8,3,2
1478,7,2,3,9,2,2
1479,7,8,3,6,1,1
1480,7,7,2,3,3,2
1481,5,7,2,7,2,1
1482,5,4,1,1,3,3
1483,8,2,2,8,3,2
1484,8,2,1,9,3,1
1485,7,3,3,6,2,1
1486,3,8,2,9,1,1
1487,1,1,3,3,3,1
1488,7,5,3,9,2,1
1489,7,7,2,9,2,1
1490,4,4,3,10,3,1
1491,7,7,2,6,3,1
1492,9,1,3,3,1,2
1493,7,2,2,9,2,3
1494,5,2,3,9,3,1
1495,3,4,3,8,3,3
1496,2,10,2,5,2,1
1497,7,8,1,7,2,2
1498,1,8,2,1,3,1
1499,1,8,2,8,3,3
1500,3,5,2,8,3,1
1501,7,6,3,4,3,3
1502,5,7,2,7,3,2
1503,10,8,3,9,3,2
1504,5,8,2,4,1,3
1505,9,7,1,8,2,2
1506,10,2,2,8,2,1
1507,3,7,3,8,3,1
1508,7,7,3,9,3,2
1509,10,8,3,8,3,1
1510,9,5,1,7,3,3
1511,7,8,2,8,2,1
1512,2,7,2,3,3,3
1513,5,7,2,9,3,2
1514,5,1,2,9,3,1
1515,5,8,2,7,2,1
1516,6,4,3,7,3,2
1517,7,7,3,7,3,2
1518,3,7,3,7,3,2
1519,7,3,1,5,2,2
1520,9,7,3,7,3,1
1521,8,9,2,9,2,1
1522,7,5,3,9,1,3
1523,3,8,3,1,2,1
1524,10,8,3,9,3,1
1525,7,6,1,9,3,3
1526,5,8,2,8,3,1
1527,5,5,3,7,2,2
1528,7,3,2,8,2,3
1529,7,8,3,9,3,1
1530,9,7,3,9,3,1
1531,6,7,3,3,2,2
1532,5,8,1,8,3,3
1533,3,2,3,9,2,1
1534,5,4,3,8,3,2
1535,5,8,2,8,3,1
1536,8,8,3,3,1,1
1537,5,8,2,8,1,1
1538,7,8,1,7,3,2
1539,10,7,3,7,3,1
1540,4,7,2,9,2,3
1541,5,5,3,8,2,2
1542,8,8,3,8,3,1
1543,5,8,1,7,2,2
1544,7,9,1,7,2,1
1545,4,6,2,10,2,1
1546,8,6,2,8,2,1
1547,3,9,3,9,3,1
1548,7,5,3,3,2,2
1549,4,10,3,8,2,1
1550,9,5,1,7,3,1
1551,8,9,3,8,3,1
1552,5,7,2,7,2,1
1553,9,8,3,7,2,1
1554,7,7,2,1,2,1
1555,7,6,2,9,2,3
1556,7,8,3,7,2,1
1557,7,7,2,9,3,2
1558,7,1,3,10,1,3
1559,3,2,3,9,3,2
1560,5,5,3,8,3,2
1561,3,7,1,2,3,1
1562,3,8,3,8,2,3
1563,5,8,3,8,3,2
1564,10,1,3,7,3,2
1565,3,7,3,9,3,2
1566,10,8,2,7,2,2
1567,1,7,2,9,3,1
1568,7,7,3,4,2,3
1569,7,9,2,7,2,2
1570,9,10,2,9,3,3
1571,3,4,3,3,3,2
1572,5,7,3,7,2,2
1573,3,9,2,7,3,3
1574,1,7,1,5,2,1
1575,7,5,2,7,2,2
1576,7,10,3,10,3,1
1577,10,7,2,9,2,3
1578,7,8,2,8,1,3
1579,7,1,3,8,1,1
1580,7,7,1,9,1,1
1581,2,5,2,9,2,1
1582,5,8,3,1,3,2
1583,2,7,1,9,2,1
1584,5,9,3,3,2,1
1585,3,8,1,9,3,3
1586,3,6,2,9,3,3
1587,5,7,3,9,1,1
1588,7,9,1,8,3,2
1589,5,3,2,8,3,1
1590,5,8,3,8,2,1
1591,7,5,2,9,3,3
1592,7,6,3,9,3,1
1593,4,8,2,8,2,2
1594,3,8,3,7,3,1
1595,8,8,3,7,3,3
1596,7,7,3,3,2,2
1597,7,8,3,6,2,1
1598,7,8,3,9,3,1
1599,3,8,2,7,2,1
1600,1,7,3,9,3,1
1601,2,8,3,8,2,1
1602,7,5,2,8,3,1
1603,7,8,3,8,2,1
1604,8,1,3,9,3,1
1605,5,3,2,9,2,2
1606,8,6,1,7,2,1
1607,9,2,3,9,1,2
1608,3,3,2,1,3,3
1609,7,2,3,4,3,1
1610,3,8,3,7,2,2
1611,6,3,3,8,2,2
1612,3,8,1,7,3,1
1613,5,7,1,9,3,1
1614,6,5,3,4,3,1
1615,8,8,3,9,3,2
1616,9,7,3,9,3,1
1617,3,5,3,1,1,2
1618,1,7,1,9,3,1
1619,7,5,3,8,1,2
1620,4,7,3,4,3,1
1621,1,2,3,7,3,2
1622,10,8,2,9,1,1
1623,3,7,1,9,3,2
1624,7,5,3,7,3,1
1625,3,8,2,3,3,1
1626,5,5,1,3,2,2
1627,6,8,1,2,3,2
1628,7,7,3,8,2,2
1629,5,8,3,2,3,2
1630,8,7,2,3,2,1
1631,1,7,2,1,3,1
1632,5,2,2,9,2,1
1633,7,7,1,8,3,2
1634,5,5,3,9,2,3
1635,2,8,3,9,3,2
1636,10,8,2,9,1,2
1637,5,1,2,8,1,3
1638,9,8,3,7,3,1
1639,3,8,1,7,2,1
1640,7,5,1,1,3,1
1641,6,8,3,8,3,1
1642,9,1,2,6,3,2
1643,6,5,1,8,3,1
1644,6,7,2,9,3,2
1645,7,7,3,7,2,1
1646,7,9,1,9,1,2
1647,7,8,1,9,3,2
1648,7,3,3,3,2,1
1649,5,5,3,7,2,1
1650,8,6,2,8,2,2
1651,7,7,1,3,3,2
1652,3,7,3,2,3,2
1653,5,8,2,6,1,3
1654,2,7,3,9,3,1
1655,1,10,2,9,3,1
1656,7,10,3,3,3,1
1657,4,5,2,3,2,1
1658,7,7,2,3,2,1
1659,7,8,1,7,2,3
1660,5,8,2,7,3,1
1661,7,5,2,8,3,2
1662,3,2,2,9,2,1
1663,7,7,3,6,3,3
1664,5,3,2,8,2,1
1665,7,5,2,8,2,2
1666,3,5,1,10,1,1
1667,5,4,3,8,3,2
1668,2,10,2,9,1,1
1669,3,8,3,9,2,2
1670,1,2,3,8,2,2
1671,7,8,2,9,2,2
1672,1,5,1,8,2,3
1673,5,8,3,3,3,1
1674,7,8,1,3,2,3
1675,5,8,3,9,1,2
1676,6,7,3,8,3,3
1677,7,3,2,3,3,2
1678,3,7,3,7,3,2
1679,5,8,1,7,2,3
1680,3,8,3,8,2,2
1681,5,4,1,8,3,3
1682,7,5,3,5,1,1
1683,7,5,1,3,3,1
1684,7,3,1,9,3,1
1685,3,8,2,4,3,1
1686,6,8,1,9,3,2
1687,5,6,3,3,1,1
1688,5,5,3,7,3,1
1689,3,8,2,5,1,1
1690,7,8,2,5,3,3
1691,7,9,3,10,3,1
1692,5,2,3,5,2,2
1693,6,7,2,7,3,1
1694,7,10,2,9,3,1
1695,3,8,2,2,3,1
1696,5,7,3,7,3,1
1697,7,8,2,8,3,1
1698,5,8,1,9,2,2
1699,7,8,2,9,3,2
1700,5,6,2,8,3,1
1701,9,5,1,3,2,1
1702,9,8,2,9,2,3
1703,7,7,1,9,1,2
1704,7,6,1,9,3,2
1705,1,8,3,9,2,1
1706,7,3,3,3,2,1
1707,2,7,2,8,3,1
1708,7,8,2,9,3,2
1709,5,5,3,3,3,2
1710,1,8,1,7,3,1
1711,2,3,3,8,3,3
1712,5,3,2,7,2,1
1713,4,8,2,9,3,2
1714,3,7,1,5,3,3
1715,3,5,3,8,3,2
1716,10,2,3,7,3,1
1717,7,5,2,9,1,1
1718,3,8,2,3,3,2
1719,3,5,2,7,3,1
1720,5,5,3,6,3,1
1721,5,2,2,7,3,1
1722,7,1,2,9,1,1
1723,7,7,3,8,1,2
1724,5,9,3,9,3,1
1725,2,7,3,7,2,1
1726,5,8,2,7,2,1
1727,1,8,1,7,2,1
1728,5,5,2,7,1,2
1729,8,8,3,9,3,2
1730,5,8,3,8,3,3
1731,7,8,3,9,1,1
1732,1,7,3,9,3,1
1733,6,5,2,3,3,2
1734,5,1,1,8,3,1
1735,7,1,2,8,2,1
1736,6,8,3,9,2,1
1737,5,9,2,7,3,2
1738,6,7,3,9,3,2
1739,9,1,1,8,2,1
1740,7,7,3,8,3,1
1741,7,4,3,9,1,1
1742,3,5,3,8,1,2
1743,7,8,2,3,3,2
1744,2,8,2,5,3,2
1745,7,8,2,3,2,2
1746,3,5,3,9,3,1
1747,5,5,3,8,3,2
1748,5,8,3,2,2,1
1749,1,4,3,10,2,3
1750,7,3,2,9,3,3
1751,5,8,2,3,1,2
1752,7,7,1,4,3,2
1753,7,8,1,9,3,3
1754,5,1,2,8,2,3
1755,9,8,3,4,1,1
1756,2,7,2,4,2,1
1757,7,5,2,9,1,2
1758,3,8,3,8,2,2
1759,5,7,3,9,2,3
1760,4,8,3,4,3,2
1761,9,2,2,9,1,3
1762,3,3,1,9,3,2
1763,4,7,3,8,2,2
1764,7,8,2,3,3,2
1765,3,6,2,1,3,1
1766,7,8,2,9,3,2
1767,10,1,3,3,2,2
1768,5,7,2,3,2,3
1769,3,5,3,8,2,1
1770,3,7,3,9,3,1
1771,2,8,1,4,3,2
1772,8,1,2,1,1,3
1773,7,3,3,4,2,1
1774,3,7,2,1,2,2
1775,7,5,3,8,3,1
1776,6,7,3,8,2,1
1777,5,6,3,8,1,3
1778,7,7,1,9,2,1
1779,1,8,1,8,2,1
1780,7,8,2,2,1,1
1781,5,5,1,8,1,2
1782,1,3,1,3,3,2
1783,5,2,2,9,3,2
1784,5,8,2,9,3,1
1785,2,3,2,9,1,1
1786,7,7,3,7,3,3
1787,5,7,3,9,3,1
1788,7,8,3,7,3,2
1789,1,3,2,8,2,2
1790,2,3,3,9,2,1
1791,3,8,2,10,3,1
1792,10,8,1,6,2,1
1793,4,5,3,3,3,1
1794,1,8,3,7,3,2
1795,1,5,3,6,3,3
1796,3,8,2,7,3,1
1797,8,8,3,7,2,1
1798,7,8,3,5,2,3
1799,5,8,3,7,2,1
1800,7,1,1,9,3,3
1801,5,5,2,8,3,2
1802,7,6,3,2,2,1
1803,3,2,3,8,2,1
1804,7,7,2,9,1,3
1805,5,5,2,6,3,2
1806,5,4,2,7,3,1
1807,9,3,1,8,3,1
1808,2,3,3,8,2,1
1809,5,7,3,4,1,1
1810,9,8,3,7,1,1
1811,2,3,3,7,3,1
1812,4,8,2,9,2,3
1813,7,7,3,7,2,2
1814,2,8,3,8,2,1
1815,7,7,1,7,3,1
1816,7,8,3,5,2,2
1817,10,3,2,8,2,1
1818,4,5,3,2,1,3
1819,5,8,2,7,2,1
1820,5,7,3,3,1,2
1821,7,3,2,2,2,1
1822,9,10,3,9,2,1
1823,7,8,3,3,3,1
1824,5,7,3,9,3,2
1825,1,7,1,4,3,2
1826,7,10,1,7,1,3
1827,7,5,3,9,1,1
1828,3,5,2,9,2,1
1829,6,8,3,9,3,1
1830,7,3,2,8,2,2
1831,7,7,2,4,2,1
1832,3,9,1,8,3,2
1833,7,7,2,3,1,1
1834,5,5,2,2,2,1
1835,3,5,1,9,3,2
1836,5,8,3,2,2,2
1837,4,5,3,8,3,1
1838,7,2,1,7,2,2
1839,4,7,3,7,2,1
1840,7,5,2,9,1,1
1841,9,8,3,3,3,2
1842,7,7,3,6,2,1
1843,7,5,2,8,3,2
1844,9,7,3,8,2,1
1845,5,3,3,10,2,1
1846,6,7,3,6,2,1
1847,7,7,3,7,3,2
1848,5,3,2,9,1,2
1849,7,8,2,7,3,2
1850,10,2,3,6,3,1
1851,7,7,3,8,3,3
1852,5,7,3,3,1,1
1853,5,3,3,3,3,1
1854,5,5,3,4,2,3
1855,5,2,3,9,3,1
1856,1,8,3,2,2,2
1857,7,10,2,3,2,2
1858,7,7,1,9,2,1
1859,7,7,2,1,2,1
1860,2,10,1,9,1,3
1861,4,9,2,9,3,2
1862,6,6,3,9,3,3
1863,4,3,3,7,3,1
1864,7,8,3,9,1,2
1865,5,5,3,6,2,1
1866,7,8,3,8,3,1
1867,3,2,3,8,3,1
1868,5,7,2,9,2,1
1869,6,2,2,8,3,1
1870,7,7,2,7,3,1
1871,7,5,2,10,3,1
1872,7,3,2,4,3,1
1873,4,7,3,8,1,2
1874,3,6,1,7,2,1
1875,10,5,3,1,2,2
1876,7,5,1,3,2,1
1877,6,7,3,8,3,2
1878,6,7,3,8,2,1
1879,5,8,2,3,3,2
1880,3,5,2,8,3,1
1881,5,7,1,8,1,1
1882,7,6,2,9,2,1
1883,3,5,3,4,3,2
1884,5,8,2,8,3,1
1885,1,8,2,10,2,1
1886,6,7,1,7,2,2
1887,2,7,2,8,2,1
1888,8,8,1,8,3,2
1889,7,1,3,9,3,2
1890,7,5,3,8,3,1
1891,7,7,3,9,2,1
1892,7,3,3,3,1,2
1893,2,8,2,4,3,2
1894,3,8,2,9,3,3
1895,7,8,3,9,3,1
1896,7,5,2,8,2,1
1897,7,8,3,9,3,3
1898,3,8,3,3,3,3
1899,8,7,3,3,2,3
1900,5,8,3,8,1,1
1901,7,7,1,3,3,1
1902,3,2,3,5,2,2
1903,7,10,2,8,3,2
1904,7,7,3,8,3,1
1905,7,7,1,8,1,2
1906,2,8,2,9,3,1
1907,7,4,2,7,3,3
1908,7,3,3,8,3,2
1909,5,6,3,6,2,1
1910,7,9,2,3,3,1
1911,7,5,2,9,3,1
1912,4,7,3,10,1,1
1913,3,7,2,7,2,3
1914,3,8,3,3,3,2
1915,2,7,2,3,3,1
1916,3,5,2,10,3,1
1917,7,2,2,3,2,1
1918,4,7,3,2,3,1
1919,9,5,3,9,3,2
1920,7,8,3,9,2,1
1921,8,5,3,3,2,1
1922,7,4,3,9,2,2
1923,5,8,3,7,1,2
1924,8,7,1,8,1,1
1925,1,8,3,9,1,1
1926,3,6,3,7,1,3
1927,9,8,2,7,3,1
1928,7,2,3,8,2,2
1929,7,2,2,9,3,1
1930,8,8,2,9,3,1
1931,3,4,2,7,2,1
1932,7,8,3,9,3,3
1933,5,3,3,9,1,2
1934,5,5,2,9,1,2
1935,10,7,2,9,1,1
1936,3,8,3,9,3,1
1937,10,5,3,7,3,1
1938,3,7,3,2,3,1
1939,5,9,1,7,3,2
1940,5,5,1,5,3,3
1941,5,1,3,9,3,3
1942,3,8,2,5,3,3
1943,7,8,1,3,3,1
1944,5,8,3,3,3,1
1945,4,9,3,8,2,2
1946,9,10,2,9,3,3
1947,5,7,3,9,3,1
1948,10,8,3,7,3,1
1949,5,7,1,9,3,1
1950,9,8,2,5,2,1
1951,9,7,1,8,3,2
1952,5,3,3,4,3,2
1953,7,7,3,5,1,2
1954,4,4,3,8,1,3
1955,6,8,2,9,2,2
1956,3,9,1,8,2,1
1957,7,8,2,10,1,2
1958,5,3,2,9,3,2
1959,7,8,3,9,3,1
1960,10,6,2,9,3,2
1961,5,6,3,3,2,1
1962,7,8,3,8,2,3
1963,5,8,3,3,1,2
1964,7,7,2,9,3,1
1965,5,3,1,2,3,2
1966,4,5,2,7,2,1
1967,7,7,3,9,1,1
1968,5,8,3,8,1,1
1969,7,8,2,9,3,1
1970,10,7,3,7,2,2
1971,9,3,3,2,3,2
1972,7,9,1,9,2,2
1973,7,7,2,10,2,3
1974,2,5,2,8,2,2
1975,7,5,3,9,3,2
1976,7,4,3,8,3,2
1977,5,5,3,8,3,3
1978,6,6,3,4,2,3
1979,8,7,3,7,2,2
1980,7,1,3,8,3,3
1981,5,7,3,4,2,2
1982,7,9,3,7,3,1
1983,8,2,3,3,2,2
1984,5,5,3,2,3,2
1985,3,4,3,9,2,1
1986,7,8,2,8,1,1
1987,7,8,2,9,1,2
1988,7,7,1,10,3,2
1989,3,7,2,7,2,1
1990,7,3,3,7,2,1
1991,8,4,3,9,3,1
1992,9,7,3,7,3,3
1993,4,8,3,7,3,1
1994,8,8,2,6,3,1
1995,7,8,3,7,3,1
1996,7,5,3,9,2,3
1997,7,8,3,3,2,1
1998,7,8,3,3,3,2
1999,3,6,3,10,3,2
2000,5,2,1,7,2,1
2001,7,1,2,5,2,2
2002,6,5,3,8,2,1
2003,5,7,2,8,2,1
2004,7,9,2,8,3,1
2005,5,10,3,9,3,2
2006,10,10,3,8,3,1
2007,9,7,1,9,3,1
2008,8,8,2,8,1,2
2009,5,4,3,3,3,1
2010,8,9,1,8,3,1
2011,3,3,2,10,2,2
2012,4,8,2,3,1,1
2013,3,10,2,3,2,1
2014,3,7,1,8,3,2
2015,5,8,3,8,2,1
2016,5,5,2,3,3,2
2017,8,8,2,9,3,1
2018,10,8,3,9,3,2
2019,5,2,1,9,1,1
2020,5,3,3,4,1,2
2021,5,5,3,8,3,1
2022,5,9,3,9,3,1
2023,7,5,2,8,3,3
2024,8,8,2,9,2,1
2025,5,8,2,9,3,1
2026,10,6,3,9,3,1
2027,3,7,3,3,3,1
2028,7,7,3,8,3,3
2029,7,8,1,1,3,3
2030,2,7,2,9,2,1
2031,5,4,2,7,3,2
2032,7,9,2,8,2,3
2033,7,8,1,4,2,2
2034,3,7,3,7,3,1
2035,7,7,3,10,2,1
2036,7,8,2,8,3,2
2037,7,7,1,8,1,2
2038,1,7,3,9,2,2
2039,5,8,3,3,2,2
2040,7,7,2,3,1,1
2041,3,8,2,9,3,3
2042,7,7,3,9,3,2
2043,7,5,3,2,2,2
2044,7,8,2,10,3,2
2045,8,7,2,9,2,1
2046,5,8,2,9,1,1
2047,5,7,3,8,3,2
2048,5,8,1,7,3,3
2049,4,5,3,7,3,2
2050,5,5,2,1,1,1
2051,3,5,3,7,2,1
2052,7,7,3,7,3,2
2053,7,3,3,9,3,2
2054,5,7,3,7,3,2
2055,5,7,2,5,3,1
2056,3,3,2,7,3,2
2057,7,8,1,7,2,2
2058,10,4,3,7,3,1
2059,7,7,3,8,2,2
2060,2,8,3,9,1,1
2061,2,10,2,9,2,1
2062,10,5,2,2,1,3
2063,3,3,3,9,3,2
2064,6,3,3,9,2,1
2065,7,2,2,5,3,2
2066,7,7,3,8,3,2
2067,10,9,3,8,3,2
2068,9,6,2,10,1,1
2069,3,2,2,7,3,2
2070,7,7,2,8,3,1
2071,1,5,2,8,3,1
2072,7,8,3,10,2,1
2073,1,7,3,1,3,1
2074,7,7,2,8,2,3
2075,5,5,2,8,1,3
2076,5,8,3,1,2,1
2077,7,8,2,3,1,1
2078,6,6,3,8,2,1
2079,9,7,3,8,3,1
2080,2,1,3,9,2,1
2081,5,4,3,8,2,1
2082,5,1,3,8,1,1
2083,7,8,3,3,2,2
2084,4,7,3,4,3,3
2085,5,7,3,10,3,1
2086,5,8,3,6,2,2
2087,5,10,3,7,1,1
2088,6,5,1,5,3,1
2089,10,5,2,7,3,1
2090,1,8,2,8,3,1
2091,7,8,3,9,3,1
2092,1,3,2,9,3,3
2093,7,8,3,10,2,1
2094,4,8,1,7,2,1
2095,5,8,3,7,1,3
2096,7,8,2,9,3,1
2097,7,5,3,1,3,1
2098,5,5,3,3,2,2
2099,2,5,2,4,1,2
2100,8,8,2,8,2,1
2101,7,8,3,8,3,1
2102,7,7,3,1,3,1
2103,8,7,3,8,3,2
2104,7,5,2,7,3,1
2105,1,5,1,9,3,2
2106,4,8,3,7,3,2
2107,2,7,2,10,3,3
2108,1,5,1,8,3,1
2109,9,7,3,8,3,2
2110,7,7,3,2,3,1
2111,9,8,2,7,3,1
2112,5,8,2,8,2,2
2113,8,8,3,7,2,2
2114,2,6,2,7,1,1
2115,7,1,2,4,2,1
2116,7,8,1,2,2,3
2117,7,5,3,3,1,1
2118,3,8,1,5,1,2
2119,6,6,1,3,2,1
2120,7,9,2,9,2,3
2121,7,7,3,9,3,1
2122,5,5,2,7,3,1
2123,5,5,2,3,2,1
2124,1,7,3,7,2,1
2125,7,3,3,7,1,1
2126,3,8,3,7,3,3
2127,5,7,1,4,1,3
2128,5,7,1,9,2,2
2129,3,8,3,8,2,3
2130,5,8,1,7,1,2
2131,7,5,2,9,3,1
2132,5,6,3,8,3,3
2133,8,3,3,3,1,3
2134,10,3,3,1,3,3
2135,6,8,3,8,2,1
2136,7,5,3,9,2,1
2137,5,6,2,8,3,3
2138,5,6,1,8,1,2
2139,6,1,1,8,3,2
2140,7,7,2,4,3,1
2141,8,7,2,3,3,1
2142,7,7,3,4,3,3
2143,5,2,3,9,3,2
2144,3,8,1,9,3,1
2145,5,3,3,3,3,2
2146,10,8,2,1,3,3
2147,5,6,2,9,3,1
2148,7,7,3,9,3,3
2149,7,8,3,7,3,1
2150,9,3,2,3,3,1
2151,7,1,3,7,1,3
2152,7,8,3,8,3,1
2153,3,4,3,8,2,3
2154,3,10,3,9,3,3
2155,7,7,3,1,3,1
2156,2,8,2,8,1,3
2157,7,8,2,9,2,3
2158,3,7,3,3,1,2
2159,8,4,3,9,3,1
2160,2,5,2,9,3,1
2161,5,8,2,7,3,1
2162,10,6,3,7,1,1
2163,3,8,1,8,2,1
2164,4,1,3,8,3,2
2165,3,3,2,7,2,1
2166,7,8,3,9,2,3
2167,1,4,3,9,1,1
2168,1,4,2,9,3,1
2169,5,7,2,9,2,3
2170,3,5,3,10,3,2
2171,7,8,3,2,2,1
2172,7,6,3,9,1,2
2173,5,7,3,7,3,1
2174,3,2,2,3,2,1
2175,9,5,3,2,3,2
2176,5,8,3,7,1,1
2177,3,5,2,9,3,1
2178,3,8,3,7,3,1
2179,5,3,3,7,3,2
2180,7,8,1,8,2,3
2181,3,8,3,8,3,1
2182,5,8,2,2,1,1
2183,7,6,3,4,3,1
2184,5,6,3,8,1,2
2185,5,7,3,9,3,1
2186,9,7,3,8,3,1
2187,7,5,3,3,3,3
2188,1,8,2,8,2,1
2189,1,7,3,7,3,3
2190,3,8,2,7,3,1
2191,1,3,1,7,3,2
2192,7,7,3,7,1,1
2193,7,7,2,3,1,3
2194,5,7,2,7,3,1
2195,5,10,3,3,3,1
2196,6,7,3,6,2,2
2197,10,3,3,9,3,2
2198,7,7,2,9,3,3
2199,7,4,3,7,2,3
2200,5,1,2,9,2,2
2201,7,3,1,8,3,2
2202,3,8,3,8,1,3
2203,4,5,2,8,3,2
2204,7,8,1,7,3,2
2205,7,6,3,8,2,1
2206,5,8,1,9,3,1
2207,3,9,2,8,3,2
2208,3,3,3,3,2,1
2209,5,7,3,7,3,1
2210,7,7,2,8,1,1
2211,5,3,2,8,2,1
2212,5,6,1,8,2,3
2213,5,8,2,7,3,1
2214,5,7,3,7,3,1
2215,7,8,2,7,1,1
2216,3,7,2,8,1,1
2217,7,8,2,9,2,2
2218,5,8,3,5,3,2
2219,3,8,2,3,3,1
2220,9,3,3,8,3,1
2221,5,8,1,7,2,3
2222,7,7,1,9,1,2
2223,3,5,3,7,3,3
2224,1,5,3,9,3,1
2225,2,8,2,8,3,3
2226,7,8,3,8,3,1
2227,7,8,1,7,1,1
2228,5,7,2,1,1,1
2229,7,7,1,9,3,1
2230,3,3,1,7,1,2
2231,5,8,1,3,1,2
2232,7,5,2,8,3,1
2233,7,5,3,1,2,3
2234,3,8,3,9,2,3
2235,5,3,3,2,3,1
2236,8,1,3,9,1,1
2237,1,6,1,7,1,2
2238,7,8,1,9,2,1
2239,7,7,3,7,3,1
2240,7,8,2,9,2,1
2241,7,4,1,3,3,3
2242,2,7,2,4,1,1
2243,3,5,1,7,3,3
2244,10,7,3,8,3,1
2245,10,5,3,5,2,1
2246,2,5,2,6,2,2
2247,7,8,1,9,2,1
2248,2,6,3,7,1,1
2249,7,8,2,9,3,1
2250,2,6,2,9,3,1
2251,3,7,2,8,2,2
2252,2,6,2,3,3,2
2253,5,5,2,9,3,2
2254,3,7,3,9,3,1
2255,6,5,3,9,1,3
2256,5,4,3,9,2,2
2257,7,5,3,9,3,1
2258,7,5,3,8,1,1
2259,3,8,3,8,1,1
2260,3,8,3,9,3,1
2261,5,8,1,9,3,1
2262,9,8,1,9,2,1
2263,8,7,3,3,1,1
2264,5,5,3,5,3,1
2265,5,8,3,6,3,2
2266,5,8,2,7,2,3
2267,3,4,3,5,2,1
2268,7,8,3,7,3,1
2269,7,5,3,9,3,3
2270,7,8,3,9,3,2
2271,7,7,2,7,1,1
2272,5,7,3,9,2,3
2273,3,7,2,7,2,1
2274,9,8,3,8,2,1
2275,7,8,3,9,2,2
2276,7,4,1,9,2,2
2277,7,5,2,6,2,1
2278,5,5,1,9,3,1
2279,7,5,2,10,3,1
2280,7,7,1,8,1,2
2281,5,5,2,8,3,3
2282,3,9,1,3,3,2
2283,5,8,1,3,1,2
2284,4,10,2,3,3,2
2285,5,4,1,10,3,1
2286,9,7,3,5,2,3
2287,7,6,3,2,2,1
2288,9,3,1,8,3,2
2289,7,7,3,9,3,1
2290,3,7,2,9,1,2
2291,6,8,3,9,2,1
2292,8,7,1,7,3,2
2293,7,5,2,7,3,1
2294,7,8,3,9,2,1
2295,7,8,3,2,3,1
2296,5,9,2,9,3,2
2297,4,3,3,3,2,1
2298,7,8,2,8,3,3
2299,10,4,2,9,1,3
2300,7,8,3,3,2,1
2301,4,10,2,7,3,1
2302,7,7,2,1,2,1
2303,3,8,2,7,2,1
2304,7,8,2,10,3,2
2305,5,3,3,4,1,1
2306,3,5,3,8,2,2
2307,4,5,1,8,1,1
2308,8,7,3,7,3,3
2309,6,10,2,8,3,1
2310,3,8,3,2,3,3
2311,5,1,3,6,3,2
2312,7,7,2,8,1,3
2313,5,2,3,3,1,1
2314,6,8,2,8,3,1
2315,7,5,3,7,3,2
2316,7,8,3,3,1,2
2317,7,5,3,9,2,2
2318,5,6,3,7,3,3
2319,3,8,3,3,3,1
2320,5,5,3,1,3,2
2321,5,4,1,8,2,2
2322,5,2,3,7,2,2
2323,1,8,2,5,2,2
2324,5,8,2,7,3,1
2325,3,7,2,5,3,2
2326,7,3,1,3,3,1
2327,5,3,2,8,2,2
2328,5,8,2,9,3,2
2329,5,10,3,7,2,1
2330,5,8,3,7,3,2
2331,7,4,3,9,3,2
2332,5,4,3,2,3,1
2333,5,5,2,8,3,1
2334,10,8,2,1,1,1
2335,4,8,3,9,3,2
2336,5,5,1,9,3,1
2337,10,8,3,8,3,1
2338,10,5,3,10,3,3
2339,5,5,1,9,2,1
2340,7,8,3,8,1,3
2341,10,4,3,6,1,1
2342,3,8,2,3,3,2
2343,8,5,3,8,3,3
2344,7,7,2,8,3,2
2345,5,8,3,7,2,1
2346,8,5,2,7,2,1
2347,3,2,1,8,3,1
2348,5,8,1,9,3,2
2349,6,7,2,3,2,1
2350,7,8,3,8,1,2
2351,7,7,1,7,3,1
2352,5,2,3,8,3,2
2353,3,3,1,3,2,1
2354,7,7,3,7,2,1
2355,7,6,2,7,3,1
2356,1,7,3,7,1,1
2357,5,7,3,7,1,1
2358,7,8,2,2,2,3
2359,5,7,3,8,3,1
2360,10,9,3,7,2,2
2361,3,5,1,3,1,1
2362,5,7,3,6,1,1
2363,5,9,2,9,2,2
2364,3,5,2,9,3,1
2365,2,7,3,3,3,1
2366,3,7,2,5,1,3
2367,4,8,3,7,3,1
2368,3,7,3,2,3,1
2369,5,5,1,8,1,1
2370,1,8,3,7,3,2
2371,8,9,1,9,3,2
2372,3,9,2,9,3,1
2373,5,8,2,1,3,1
2374,2,8,2,8,3,3
2375,5,7,2,7,2,1
2376,8,8,3,8,3,1
2377,3,5,3,8,3,1
2378,7,7,2,9,2,2
2379,3,5,3,10,1,3
2380,7,7,2,7,3,1
2381,10,8,3,5,2,1
2382,5,6,1,8,2,2
2383,7,5,3,7,2,1
2384,6,5,3,1,3,1
2385,7,7,3,8,3,1
2386,5,1,1,1,1,3
2387,2,3,3,7,2,3
2388,3,6,2,5,1,3
2389,6,8,3,7,2,2
2390,7,2,3,9,1,3
2391,7,3,1,7,3,3
2392,3,8,1,7,3,1
2393,7,7,2,8,2,1
2394,5,2,1,6,3,3
2395,7,7,3,8,3,3
2396,6,4,1,7,2,3
2397,5,9,2,8,1,3
2398,3,5,1,7,1,1
2399,10,7,3,6,3,1
2400,7,6,3,9,3,3
2401,1,5,2,8,2,1
2402,8,7,2,8,3,2
2403,10,6,3,8,2,1
2404,3,7,2,7,1,1
2405,7,7,3,8,3,1
2406,4,6,2,9,2,1
2407,5,7,3,3,3,1
2408,4,8,3,1,3,1
2409,6,9,2,9,3,2
2410,2,5,2,8,3,3
2411,1,8,3,7,2,2
2412,10,7,3,9,3,1
2413,9,8,1,2,1,1
2414,2,5,3,9,1,1
2415,3,3,2,7,2,2
2416,5,3,1,6,3,2
2417,4,8,2,9,3,1
2418,3,8,3,8,3,1
2419,6,1,3,7,3,2
2420,7,6,3,4,3,1
2421,5,7,1,8,1,3
2422,7,3,3,7,2,1
2423,2,10,1,7,3,1
2424,3,4,2,8,1,2
2425,8,3,1,9,3,1
2426,7,3,3,2,3,3
2427,5,7,2,9,1,2
2428,9,3,3,9,3,3
2429,8,5,3,1,3,1
2430,7,8,3,3,3,2
2431,3,8,3,7,2,1
2432,4,8,1,7,2,2
2433,6,5,1,8,3,1
2434,3,10,3,7,3,1
2435,8,5,3,3,2,1
2436,3,8,3,7,3,1
2437,7,7,2,10,2,2
2438,5,5,3,4,3,1
2439,6,5,1,7,2,3
2440,3,7,3,4,3,1
2441,3,7,1,7,3,1
2442,9,7,1,7,3,1
2443,3,6,1,9,2,1
2444,5,3,2,8,2,1
2445,5,7,3,8,2,2
2446,7,3,3,7,3,1
2447,5,1,1,9,3,1
2448,9,7,3,9,1,1
2449,6,7,3,4,3,1
2450,5,5,3,9,3,1
2451,7,8,3,1,1,2
2452,7,5,3,8,3,1
2453,1,8,2,8,3,1
2454,3,5,3,3,3,3
2455,7,5,3,8,1,2
2456,1,8,3,3,3,2
2457,5,7,2,8,3,1
2458,10,8,1,9,3,2
2459,10,6,1,7,3,1
2460,7,9,1,4,3,2
2461,5,5,3,9,2,1
2462,10,8,1,10,2,1
2463,6,7,3,5,3,1
2464,2,3,1,7,3,2
2465,7,7,3,7,3,1
2466,7,3,3,3,1,1
2467,4,9,2,3,2,1
2468,7,7,3,9,1,2
2469,7,7,2,8,2,1
2470,7,5,2,3,3,2
2471,7,4,3,7,3,2
2472,9,8,2,3,2,1
2473,5,8,1,3,1,3
2474,5,6,3,10,2,2
2475,1,8,2,7,2,2
2476,6,4,2,8,3,1
2477,7,5,1,8,2,1
2478,8,5,3,4,2,2
2479,7,5,3,8,2,1
2480,6,7,3,7,2,1
2481,10,9,1,2,1,3
2482,6,1,3,9,2,1
2483,3,8,1,7,3,3
2484,7,8,3,9,2,1
2485,7,7,3,9,3,1
2486,4,8,1,9,1,1
2487,7,7,2,8,3,3
2488,5,8,2,8,3,2
2489,5,8,3,9,1,3
2490,7,7,3,3,1,1
2491,5,8,3,8,3,2
2492,5,2,3,9,1,1
2493,5,8,3,9,2,3
2494,5,8,3,8,3,2
2495,5,3,3,8,2,3
2496,1,7,2,8,3,3
2497,7,7,3,8,2,3
2498,10,3,2,8,3,1
2499,4,6,3,9,3,2
2500,4,9,3,9,2,3
2501,7,5,2,9,2,2
2502,3,5,2,8,3,1
2503,10,8,1,9,3,2
2504,7,5,3,9,2,1
2505,1,7,3,9,3,1
2506,7,3,3,8,2,1
2507,7,7,2,1,3,1
2508,7,5,3,8,3,3
2509,6,6,3,8,2,2
2510,7,7,3,3,1,2
2511,5,1,3,7,3,3
2512,10,5,2,7,2,2
2513,7,8,2,8,3,3
2514,9,5,2,8,2,1
2515,8,8,3,8,3,1
2516,7,5,3,9,3,2
2517,7,7,2,8,3,3
2518,7,3,1,9,3,2
2519,10,7,3,4,2,2
2520,7,8,3,6,2,3
2521,5,8,2,7,2,2
2522,5,6,1,1,3,3
2523,7,5,3,9,1,2
2524,7,1,2,7,2,1
2525,6,5,3,5,2,3
2526,3,7,3,9,3,1
2527,7,5,3,9,3,1
2528,7,7,1,9,2,1
2529,8,3,2,9,3,2
2530,5,7,1,5,3,2
2531,2,8,2,9,2,2
2532,9,3,3,6,1,1
2533,3,7,3,9,3,2
2534,7,8,3,8,1,1
2535,6,8,2,2,2,3
2536,8,8,2,7,2,2
2537,5,3,2,10,1,2
2538,7,5,1,8,3,1
2539,7,9,2,9,2,3
2540,5,5,2,9,3,2
2541,5,5,2,8,1,1
2542,5,8,1,7,2,3
2543,5,4,3,10,2,1
2544,7,8,1,7,2,1
2545,7,8,3,6,2,3
2546,2,2,3,8,2,3
2547,5,9,3,9,1,1
2548,10,1,3,4,3,1
2549,5,3,3,7,2,1
2550,3,7,3,3,2,3
2551,5,3,3,9,3,3
2552,5,10,3,7,3,1
2553,5,7,2,7,3,2
2554,7,3,3,3,3,2
2555,7,8,2,1,3,2
2556,8,5,1,8,3,3
2557,6,8,3,6,3,1
2558,6,8,2,9,1,1
2559,6,5,2,9,1,2
2560,2,2,3,9,3,3
2561,5,7,1,7,3,1
2562,7,8,2,7,3,1
2563,3,9,3,9,2,2
2564,7,4,1,8,2,3
2565,5,1,2,7,1,1
2566,7,5,3,8,3,1
2567,5,9,1,8,2,2
2568,7,4,1,9,2,2
2569,7,8,3,8,1,2
2570,7,10,3,7,2,2
2571,5,1,3,9,2,1
2572,4,8,2,8,2,2
2573,3,3,3,9,3,2
2574,1,7,3,1,3,2
2575,7,8,3,9,2,3
2576,4,1,2,8,1,1
2577,2,5,3,9,2,2
2578,5,3,3,4,2,1
2579,7,8,2,8,1,1
2580,10,8,2,1,3,1
2581,6,7,2,4,1,1
2582,3,7,1,8,3,3
2583,5,8,2,8,2,1
2584,9,5,2,9,1,3
2585,8,1,3,7,3,2
2586,9,10,1,7,1,1
2587,10,5,1,8,3,3
2588,3,10,2,8,1,2
2589,3,3,1,8,3,1
2590,6,5,3,7,3,2
2591,5,7,2,8,3,1
2592,7,8,3,7,3,1
2593,7,5,2,7,2,3
2594,10,7,1,8,2,3
2595,10,8,3,9,1,2
2596,9,3,2,3,3,1
2597,7,3,3,9,1,2
2598,7,3,2,9,1,1
2599,3,3,3,7,1,3
2600,4,8,3,7,3,1
2601,7,5,3,8,1,3
2602,6,8,3,9,2,1
2603,10,8,2,8,3,1
2604,7,7,2,7,1,1
2605,2,5,3,8,2,2
2606,7,7,2,7,2,1
2607,5,7,3,7,2,1
2608,3,7,2,8,2,1
2609,7,5,2,9,3,1
2610,5,4,2,7,3,2
2611,3,8,2,2,3,1
2612,7,8,3,8,1,2
2613,7,7,1,7,3,2
2614,7,8,3,1,3,1
2615,7,8,3,5,3,2
2616,8,7,2,8,2,3
2617,6,5,2,8,2,3
2618,9,7,3,9,3,2
2619,7,7,1,7,3,3
2620,2,7,1,9,2,1
2621,2,5,3,9,3,2
2622,5,5,3,1,1,1
2623,3,8,2,9,2,3
2624,7,5,2,1,3,2
2625,10,8,1,8,1,2
2626,10,3,3,10,3,2
2627,7,8,3,7,2,1
2628,5,7,3,9,3,2
2629,5,7,3,7,2,2
2630,7,3,2,9,1,1
2631,7,5,1,7,1,1
2632,6,8,2,8,3,2
2633,4,8,2,7,2,3
2634,5,8,3,3,1,2
2635,7,2,1,8,2,3
2636,7,3,2,8,3,2
2637,8,7,3,4,3,1
2638,1,4,2,8,1,2
2639,3,7,1,7,3,1
2640,10,3,3,9,1,2
2641,9,8,2,5,3,2
2642,7,7,3,9,2,1
2643,5,7,3,9,2,1
2644,6,7,3,9,3,3
2645,8,7,2,3,2,2
2646,3,7,2,8,2,2
2647,7,7,2,8,3,1
2648,9,3,3,9,2,1
2649,3,8,3,7,1,1
2650,7,8,1,9,2,1
2651,7,1,1,9,3,1
2652,10,10,3,8,2,2
2653,7,5,3,3,3,2
2654,7,6,3,3,3,1
2655,8,5,1,8,3,1
2656,7,9,2,3,2,3
2657,7,7,3,3,2,1
2658,5,3,3,7,3,1
2659,5,7,3,10,2,1
2660,5,1,2,9,3,2
2661,7,7,2,7,3,2
2662,5,6,1,10,2,1
2663,10,2,1,5,2,1
2664,5,7,3,2,3,2
2665,7,7,2,9,2,2
2666,7,7,3,3,3,2
2667,7,8,2,10,1,3
2668,2,3,3,3,3,1
2669,9,8,3,9,3,1
2670,7,8,3,3,3,1
2671,6,7,3,9,2,1
2672,8,7,3,9,2,1
2673,7,5,1,3,2,3
2674,5,5,3,8,2,2
2675,3,5,3,7,2,2
2676,5,1,3,8,2,2
2677,3,8,2,8,3,1
2678,3,7,3,7,3,2
2679,9,7,2,10,3,2
2680,7,2,2,7,1,1
2681,3,5,3,8,3,1
2682,7,8,2,10,1,1
2683,4,7,2,3,3,1
2684,5,7,1,7,2,3
2685,4,8,2,8,2,3
2686,7,6,2,8,3,2
2687,3,2,1,8,1,1
2688,7,7,3,3,2,1
2689,3,5,3,10,2,1
2690,1,7,3,8,3,1
2691,10,7,1,9,2,2
2692,5,5,2,3,3,3
2693,7,5,2,3,3,1
2694,1,7,3,7,1,2
2695,5,7,2,1,2,1
2696,5,2,3,2,2,2
2697,10,7,3,9,2,1
2698,7,8,3,8,3,3
2699,3,5,3,9,2,2
2700,3,10,2,7,3,2
2701,8,1,3,9,3,1
2702,2,8,3,7,3,2
2703,5,7,3,3,1,2
2704,5,8,3,8,3,2
2705,7,3,3,8,2,1
2706,6,1,3,7,3,1
2707,5,8,3,5,3,3
2708,10,7,3,9,2,2
2709,7,5,3,8,2,3
2710,5,5,3,7,3,3
2711,10,7,1,2,1,2
2712,7,7,3,2,2,2
2713,7,10,2,5,2,2
2714,7,3,1,7,3,2
2715,5,1,3,8,2,1
2716,7,7,3,8,3,1
2717,7,8,2,1,2,2
2718,7,4,2,8,2,2
2719,7,5,2,9,2,2
2720,7,7,3,9,3,2
2721,3,8,3,2,2,3
2722,5,2,2,3,1,1
2723,7,9,1,3,3,1
2724,3,5,3,7,2,1
2725,5,7,3,7,2,2
2726,7,6,3,8,2,1
2727,5,8,2,7,3,1
2728,3,8,3,8,3,2
2729,3,10,2,9,3,1
2730,6,4,3,9,3,3
2731,5,8,1,8,2,1
2732,1,7,3,5,2,3
2733,7,8,3,8,2,1
2734,2,8,1,9,3,1
2735,3,7,2,9,3,1
2736,7,8,3,9,3,1
2737,5,7,2,7,2,1
2738,4,4,3,8,1,2
2739,7,7,3,3,1,2
2740,5,8,3,6,2,1
2741,3,9,1,8,3,3
2742,2,5,2,4,1,1
2743,3,5,3,8,1,1
2744,7,7,3,3,2,2
2745,8,5,1,8,3,1
2746,8,7,3,7,3,2
2747,5,8,2,6,1,1
2748,7,5,2,9,3,3
2749,5,3,1,7,3,1
2750,5,1,3,9,3,3
2751,7,3,3,1,3,2
2752,5,7,2,8,2,1
2753,5,7,2,4,1,2
2754,1,5,3,8,2,3
2755,6,5,3,3,3,1
2756,7,7,2,8,2,1
2757,5,5,2,9,2,1
2758,3,8,3,3,2,2
2759,5,7,2,9,3,1
2760,7,5,3,8,2,1
2761,3,7,2,7,1,3
2762,5,8,2,9,3,1
2763,7,1,3,7,3,2
2764,5,4,2,8,3,2
2765,7,8,3,9,1,2
2766,6,5,3,3,2,1
2767,7,5,3,8,3,2
2768,8,2,1,5,3,1
2769,5,1,3,8,2,2
2770,7,8,3,9,3,2
2771,5,7,3,7,2,1
2772,7,5,2,2,2,2
2773,4,7,2,9,3,1
2774,7,7,3,8,2,3
2775,9,7,3,7,3,2
2776,4,8,1,7,1,2
2777,7,8,3,5,2,1
2778,5,8,3,9,2,2
2779,10,1,3,3,2,2
2780,8,2,2,8,3,2
2781,7,3,2,9,3,2
2782,7,7,2,8,3,1
2783,1,3,2,3,3,1
2784,1,4,1,5,3,3
2785,1,5,2,8,3,1
2786,5,8,3,7,3,1
2787,3,8,2,4,2,1
2788,7,7,2,8,3,3
2789,2,8,3,3,1,2
2790,7,5,3,2,3,3
2791,7,7,2,8,3,2
2792,10,8,3,3,3,3
2793,10,2,2,3,2,1
2794,7,7,2,7,2,2
2795,5,2,2,9,2,3
2796,7,8,3,9,3,1
2797,5,5,2,3,2,1
2798,9,8,3,7,3,1
2799,7,8,1,8,3,2
2800,5,8,3,3,3,1
2801,7,5,3,8,3,2
2802,7,4,1,1,3,3
2803,7,7,3,9,3,3
2804,7,8,1,5,2,1
2805,5,5,3,9,3,2
2806,3,3,3,7,1,1
2807,7,8,2,9,3,1
2808,7,1,2,9,1,1
2809,7,8,2,9,3,1
2810,5,8,3,9,3,2
2811,8,5,3,9,2,3
2812,7,4,3,7,3,3
2813,3,3,2,7,2,2
2814,2,3,3,9,2,1
2815,7,8,3,1,3,1
2816,7,7,2,8,2,1
2817,7,8,3,3,2,1
2818,5,7,2,2,1,2
2819,7,6,3,9,2,2
2820,3,9,3,9,3,2
2821,7,7,2,3,1,2
2822,7,6,3,8,1,3
2823,4,3,1,8,3,2
2824,5,5,3,7,3,1
2825,7,8,3,2,2,3
2826,4,7,2,9,2,2
2827,7,7,2,7,3,1
2828,2,8,1,7,2,2
2829,7,3,2,8,2,2
2830,10,5,3,7,2,3
2831,2,4,1,9,2,1
2832,7,6,3,9,2,1
2833,7,7,3,7,3,2
2834,3,8,2,1,1,1
2835,7,7,3,8,2,1
2836,3,3,1,9,3,3
2837,3,3,2,9,2,2
2838,5,1,1,9,2,1
2839,5,5,1,8,1,1
2840,7,8,2,8,3,3
2841,7,8,1,8,2,2
2842,4,5,3,9,2,3
2843,7,6,2,7,3,1
2844,3,1,2,9,3,1
2845,3,7,3,9,3,1
2846,7,2,3,8,3,3
2847,7,8,2,6,2,1
2848,5,5,1,9,3,2
2849,1,3,2,9,3,3
2850,7,8,2,8,2,2
2851,5,8,1,3,2,1
2852,5,9,3,2,3,1
2853,3,8,3,9,3,1
2854,9,8,2,7,3,2
2855,2,10,1,8,2,2
2856,4,8,3,8,3,1
2857,3,8,3,9,2,3
2858,7,6,1,3,3,1
2859,3,3,3,10,2,1
2860,5,9,2,7,1,2
2861,7,5,3,9,2,1
2862,3,7,2,7,1,1
2863,5,7,3,8,3,1
2864,9,1,2,7,1,3
2865,7,8,3,7,2,2
2866,7,8,1,7,2,3
2867,1,8,2,6,1,3
2868,7,5,3,4,1,2
2869,5,7,3,5,3,1
2870,7,6,3,3,2,2
2871,8,5,3,9,3,1
2872,7,8,2,9,2,1
2873,5,8,3,7,3,1
2874,10,8,3,8,2,1
2875,5,8,2,5,3,1
2876,5,7,2,9,3,1
2877,1,8,1,9,3,1
2878,3,8,3,8,2,2
2879,3,3,2,10,3,1
2880,9,4,3,8,1,2
2881,4,7,1,9,3,1
2882,7,3,3,10,2,1
2883,7,7,2,9,3,1
2884,7,8,2,10,3,2
2885,1,10,3,7,3,2
2886,7,3,3,3,3,2
2887,7,5,3,3,3,1
2888,7,4,1,8,2,1
2889,3,3,2,3,3,2
2890,7,4,3,7,3,2
2891,6,7,3,8,2,3
2892,1,6,2,7,2,2
2893,9,7,2,8,3,3
2894,7,7,3,5,2,1
2895,5,5,3,9,3,1
2896,3,7,2,9,1,3
2897,6,4,3,4,3,2
2898,7,7,3,8,3,1
2899,9,5,3,1,3,3
2900,5,5,2,9,3,2
2901,5,5,3,3,3,1
2902,5,8,2,7,3,1
2903,6,3,3,8,2,1
2904,7,5,3,10,3,3
2905,9,8,3,7,3,3
2906,10,8,3,1,2,1
2907,5,5,3,9,1,1
2908,1,1,2,9,1,1
2909,4,7,2,5,2,2
2910,5,10,3,9,3,2
2911,5,5,3,9,3,1
2912,3,8,2,7,2,1
2913,7,10,1,7,3,2
2914,1,10,3,2,3,1
2915,7,8,3,8,3,1
2916,9,8,1,7,2,1
2917,7,3,3,9,1,3
2918,10,5,3,8,1,2
2919,1,6,3,9,3,1
2920,6,7,2,2,3,2
2921,7,5,1,1,3,2
2922,7,5,2,3,3,1
2923,7,9,3,9,2,1
2924,5,7,3,9,3,1
2925,7,3,3,7,2,1
2926,5,7,1,1,3,2
2927,7,9,2,9,2,1
2928,3,8,3,8,3,1
2929,9,3,3,6,2,3
2930,2,5,2,9,1,1
2931,3,8,3,2,1,1
2932,8,8,3,8,3,2
2933,7,5,1,4,3,1
2934,3,7,3,3,2,3
2935,1,8,3,8,1,1
2936,3,3,3,9,2,2
2937,5,7,3,4,3,2
2938,7,8,2,3,2,1
2939,8,5,3,7,3,2
2940,7,6,3,9,3,1
2941,4,8,2,8,2,1
2942,2,5,2,8,3,2
2943,3,5,3,3,3,1
2944,7,9,1,3,2,1
2945,7,6,2,4,3,1
2946,7,1,2,6,1,2
2947,7,5,3,8,3,2
2948,3,1,1,8,1,1
2949,5,5,2,9,3,1
2950,2,5,3,9,2,2
2951,3,8,3,1,3,1
2952,7,8,2,9,1,2
2953,5,10,2,7,3,2
2954,5,7,3,8,3,1
2955,7,3,2,8,2,1
2956,2,8,3,3,2,2
2957,5,7,2,8,3,1
2958,5,7,2,8,3,3
2959,5,6,3,8,2,2
2960,3,8,3,6,2,3
2961,4,8,2,8,2,1
2962,2,5,1,9,3,3
2963,5,3,3,3,3,2
2964,1,1,1,9,1,1
2965,7,7,3,3,1,1
2966,7,7,1,2,3,2
2967,5,8,3,6,2,3
2968,7,8,2,9,2,1
2969,7,8,2,3,2,1
2970,1,1,3,8,2,1
2971,5,3,2,9,1,3
2972,6,5,1,3,1,2
2973,2,7,2,6,2,2
2974,7,5,3,9,2,2
2975,10,5,1,10,2,2
2976,7,4,2,7,1,3
2977,3,7,2,8,2,3
2978,7,8,3,7,3,1
2979,3,7,3,9,3,3
2980,1,1,3,9,3,1
2981,5,9,3,8,2,1
2982,10,3,1,7,2,2
2983,1,8,1,6,3,1
2984,4,7,3,8,3,3
2985,10,7,1,8,3,1
2986,5,8,3,8,1,1
2987,5,7,3,9,1,1
2988,7,9,3,9,2,1
2989,7,8,3,8,3,2
2990,5,9,3,7,1,2
2991,7,3,3,8,3,3
2992,7,8,2,7,2,1
2993,3,6,3,7,3,3
2994,7,7,2,8,2,1
2995,5,6,1,9,1,2
2996,9,4,2,10,3,2
2997,7,8,2,7,3,1
2998,1,8,3,8,2,1
2999,7,7,1,7,3,3
3000,3,7,3,10,3,2
3001,7,8,3,9,2,1
3002,3,8,2,9,2,1
3003,7,8,3,8,3,1
3004,3,3,1,6,3,1
3005,7,7,2,4,2,2
3006,7,10,3,7,1,2
3007,4,7,1,8,2,1
3008,3,5,3,8,2,1
3009,3,8,3,9,3,2
3010,4,8,3,7,3,1
3011,5,8,2,8,3,1
3012,7,9,1,8,2,2
3013,6,5,3,7,2,1
3014,1,8,2,8,3,3
3015,7,8,3,9,3,3
3016,5,6,1,3,1,1
3017,7,7,2,8,3,2
3018,7,4,3,10,2,1
3019,3,5,2,7,2,2
3020,5,3,3,3,1,1
3021,3,7,3,8,2,3
3022,6,10,2,9,1,2
3023,2,5,3,9,3,1
3024,7,10,2,9,2,2
3025,2,8,3,3,2,2
3026,7,8,3,9,1,1
3027,3,7,3,9,3,2
3028,2,7,3,4,2,2
3029,4,2,3,9,2,1
3030,3,7,3,9,2,2
3031,10,8,3,10,3,1
3032,2,1,1,8,2,1
3033,7,6,2,7,2,1
3034,5,9,3,7,3,3
3035,4,8,2,1,3,2
3036,9,8,3,3,3,1
3037,7,5,3,3,2,1
3038,3,5,2,3,3,1
3039,5,7,2,7,3,3
3040,3,7,3,9,2,3
3041,7,5,1,9,2,3
3042,3,7,2,9,3,2
3043,2,7,2,8,1,1
3044,9,9,3,9,2,1
3045,3,7,1,9,3,2
3046,7,3,1,8,3,2
3047,4,9,1,9,3,1
3048,5,10,2,9,3,1
3049,7,7,1,8,2,1
3050,4,4,2,8,3,1
3051,7,3,3,9,2,3
3052,9,5,2,9,3,1
3053,5,1,3,8,3,2
3054,7,8,2,7,3,2
3055,5,8,3,3,3,1
3056,7,7,2,1,3,1
3057,7,8,3,3,1,1
3058,5,7,3,7,3,2
3059,5,3,3,7,2,1
3060,5,7,3,7,3,1
3061,1,8,3,9,1,2
3062,7,3,3,8,2,1
3063,1,8,2,9,2,1
3064,7,8,3,10,2,1
3065,10,10,1,7,2,1
3066,3,5,1,3,3,1
3067,9,4,1,9,2,2
3068,7,8,1,9,1,1
3069,5,8,3,7,3,3
3070,5,6,3,3,1,2
3071,7,4,2,8,3,1
3072,2,7,3,9,3,1
3073,7,3,3,8,2,2
3074,7,8,3,7,3,3
3075,7,7,2,10,2,3
3076,4,9,2,1,2,1
3077,9,1,3,8,3,2
3078,7,7,3,8,3,1
3079,7,5,3,1,3,2
3080,5,3,2,8,3,1
3081,1,7,1,1,1,2
3082,7,7,3,7,3,3
3083,5,8,2,9,2,1
3084,3,8,1,7,3,2
3085,7,1,3,3,3,3
3086,5,3,3,9,1,1
3087,5,10,3,8,3,3
3088,7,8,2,9,3,2
3089,7,5,1,5,1,1
3090,7,6,3,7,1,3
3091,8,7,2,7,2,1
3092,7,8,2,8,2,1
3093,1,10,2,10,3,1
3094,9,8,3,9,3,2
3095,5,5,2,9,3,1
3096,5,8,1,8,3,1
3097,5,1,3,1,2,1
3098,5,5,1,8,2,1
3099,6,7,1,9,3,2
3100,1,4,2,8,3,2
3101,7,8,3,8,3,3
3102,7,8,2,7,3,3
3103,6,1,3,3,2,1
3104,9,8,3,9,3,1
3105,7,8,2,7,3,1
3106,7,5,2,7,2,2
3107,7,7,2,9,3,1
3108,5,8,1,8,1,1
3109,1,5,1,9,3,1
3110,9,2,2,7,3,1
3111,6,5,3,9,3,3
3112,7,9,3,9,2,3
3113,4,2,2,7,3,1
3114,7,7,3,9,3,1
3115,7,5,3,7,3,1
3116,4,2,1,3,2,1
3117,9,5,3,6,1,1
3118,7,3,1,9,3,1
3119,7,5,3,8,1,1
3120,6,7,3,8,3,1
3121,3,6,2,7,2,2
3122,4,7,3,9,2,1
3123,7,8,3,3,1,3
3124,6,8,3,3,2,1
3125,2,1,3,7,2,2
3126,7,1,1,7,3,3
3127,7,10,3,2,3,1
3128,1,5,2,8,3,1
3129,5,5,3,9,2,1
3130,10,8,3,6,2,3
3131,7,8,2,9,2,1
3132,7,8,2,6,3,1
3133,10,8,3,6,2,2
3134,3,8,3,7,3,1
3135,3,2,3,5,2,1
3136,3,6,2,8,2,1
3137,7,5,3,8,3,3
3138,5,8,3,7,3,1
3139,2,8,3,8,3,2
3140,4,3,2,7,1,1
3141,3,7,3,7,3,2
3142,1,7,2,8,2,1
3143,5,3,3,7,1,1
3144,7,4,2,6,3,3
3145,7,5,2,3,3,3
3146,5,1,3,4,2,1
3147,3,2,1,9,3,2
3148,5,7,2,8,3,3
3149,3,8,3,8,2,1
3150,4,5,1,7,2,2
3151,2,8,1,8,2,2
3152,10,7,2,8,1,3
3153,7,7,3,7,2,1
3154,3,8,3,9,2,2
3155,5,9,1,7,2,1
3156,7,8,3,8,3,2
3157,7,8,3,9,3,1
3158,6,4,3,2,2,2
3159,9,9,3,3,2,1
3160,5,5,3,8,3,1
3161,7,7,3,9,1,1
3162,5,8,2,3,2,2
3163,3,5,3,9,3,2
3164,3,7,3,7,3,3
3165,3,2,2,9,2,1
3166,3,8,2,7,3,1
3167,2,8,3,8,2,2
3168,7,10,2,8,3,1
3169,3,6,3,9,3,1
3170,7,7,2,10,3,1
3171,4,7,1,8,3,1
3172,8,8,2,5,3,3
3173,1,7,3,8,1,2
3174,1,4,1,7,2,1
3175,5,8,1,3,1,3
3176,7,7,2,5,3,1
3177,5,9,3,9,3,2
3178,3,7,2,9,3,1
3179,6,7,3,9,3,1
3180,9,5,2,3,2,3
3181,1,3,2,8,3,1
3182,8,5,2,8,1,1
3183,8,7,2,3,3,1
3184,7,2,3,7,3,1
3185,7,7,2,8,3,3
3186,3,5,3,4,3,2
3187,6,8,1,9,3,3
3188,3,8,1,7,3,3
3189,5,7,3,3,3,2
3190,3,7,1,9,2,1
3191,7,8,2,4,2,1
3192,5,5,3,9,1,1
3193,5,7,3,2,1,1
3194,7,7,3,4,3,1
3195,7,7,3,9,3,1
3196,3,3,3,9,3,1
3197,3,5,2,7,3,1
3198,8,8,3,7,3,1
3199,7,8,3,7,1,1
3200,9,5,3,9,2,3
3201,9,3,1,9,2,1
3202,3,5,2,8,1,2
3203,7,4,3,5,3,1
3204,7,1,3,4,2,3
3205,7,5,3,9,2,1
3206,2,8,2,9,1,2
3207,7,7,3,8,3,3
3208,7,5,3,8,3,1
3209,3,3,1,8,1,1
3210,5,7,3,9,1,1
3211,7,7,3,2,3,1
3212,5,7,3,3,1,1
3213,7,7,2,3,3,1
3214,3,7,1,9,3,2
3215,5,7,2,9,1,2
3216,5,8,3,9,3,2
3217,7,7,2,9,2,2
3218,7,3,2,9,3,1
3219,5,3,1,7,1,1
3220,6,8,3,8,2,2
3221,7,8,3,8,2,2
3222,5,7,1,9,3,1
3223,7,8,3,7,3,1
3224,5,10,2,8,3,2
3225,5,5,2,7,3,2
3226,2,8,2,2,2,1
3227,5,8,3,8,3,2
3228,5,5,3,3,3,3
3229,7,5,1,9,2,1
3230,8,1,1,7,2,1
3231,3,5,2,9,2,2
3232,8,4,2,9,2,1
3233,5,6,2,8,3,1
3234,5,9,2,7,3,1
3235,3,8,3,2,2,1
3236,5,7,3,1,3,2
3237,3,5,2,8,1,1
3238,7,7,2,9,3,2
3239,5,3,1,8,2,3
3240,1,8,3,8,2,1
3241,5,5,1,9,1,2
3242,3,5,3,2,2,1
3243,5,5,3,3,3,1
3244,3,7,3,3,1,1
3245,3,5,2,7,1,1
3246,7,5,2,7,3,1
3247,3,8,3,9,3,1
3248,7,2,3,2,2,1
3249,7,8,1,9,3,3
3250,3,5,1,7,3,3
3251,3,10,2,9,1,2
3252,7,8,1,1,1,2
3253,5,5,3,9,2,1
3254,3,1,3,7,3,1
3255,8,8,3,9,3,1
3256,7,8,2,8,3,3
3257,5,1,3,8,2,1
3258,3,8,3,7,2,2
3259,7,3,2,2,2,1
3260,9,6,2,8,3,1
3261,6,7,2,8,2,3
3262,3,7,3,9,2,1
3263,2,5,2,7,2,1
3264,3,8,2,4,3,3
3265,5,7,3,7,3,1
3266,6,4,1,9,3,2
3267,5,7,3,8,3,1
3268,5,7,2,9,1,2
3269,10,1,2,5,2,1
3270,3,8,2,8,2,2
3271,10,7,3,1,2,1
3272,3,9,3,9,2,1
3273,5,7,3,8,2,3
3274,7,8,2,3,2,1
3275,7,7,3,7,3,2
3276,7,7,2,9,2,1
3277,10,7,3,8,3,2
3278,7,7,3,9,3,1
3279,7,8,3,8,2,1
3280,5,5,3,8,3,1
3281,7,9,3,7,1,2
3282,5,9,3,7,3,2
3283,4,1,2,9,3,2
3284,6,1,3,1,1,1
3285,6,7,3,8,3,3
3286,9,7,3,3,2,2
3287,7,8,3,8,1,1
3288,7,1,2,8,3,2
3289,6,3,3,8,1,1
3290,7,10,2,2,2,2
3291,3,8,2,7,3,1
3292,6,10,2,8,3,3
3293,3,5,3,3,1,2
3294,7,5,3,7,1,2
3295,10,5,2,9,3,1
3296,5,2,1,8,3,2
3297,5,8,3,3,3,1
3298,5,7,2,8,3,2
3299,10,7,2,8,2,2
3300,5,8,2,7,2,1
3301,5,9,3,5,1,3
3302,1,8,3,8,2,3
3303,7,9,2,8,3,1
3304,5,8,2,9,3,1
3305,5,7,3,8,1,1
3306,3,8,2,8,2,2
3307,5,7,2,9,3,1
3308,5,7,3,3,3,1
3309,5,5,2,9,3,2
3310,5,8,2,8,3,3
3311,7,3,2,7,3,1
3312,5,7,3,9,3,1
3313,3,7,2,7,3,1
3314,5,6,3,9,2,2
3315,7,2,3,7,2,3
3316,7,1,2,7,3,1
3317,7,8,3,9,2,1
3318,6,7,3,8,3,2
3319,6,3,1,9,2,2
3320,3,8,2,9,1,3
3321,7,5,1,8,2,1
3322,2,5,1,8,2,2
3323,8,8,2,9,3,1
3324,2,5,2,8,2,1
3325,8,5,3,9,3,1
3326,3,7,1,1,2,1
3327,8,5,2,9,1,2
3328,5,8,1,8,3,3
3329,8,8,2,8,1,1
3330,8,4,1,7,3,1
3331,7,2,3,7,3,2
3332,4,8,2,2,3,2
3333,3,8,3,3,1,3
3334,5,8,2,5,3,3
3335,5,7,3,8,1,2
3336,5,2,3,7,3,1
3337,7,4,1,8,2,1
3338,3,7,3,9,3,1
3339,10,8,3,5,3,1
3340,5,8,3,9,3,1
3341,7,2,2,9,1,2
3342,7,5,3,6,1,1
3343,3,4,3,8,3,1
3344,2,8,2,8,2,2
3345,5,8,3,7,3,1
3346,7,5,2,3,3,3
3347,8,7,2,10,3,3
3348,9,7,3,4,2,2
3349,7,7,3,2,2,1
3350,8,6,3,5,3,2
3351,6,3,2,1,1,1
3352,6,5,3,8,1,2
3353,7,5,2,8,1,1
3354,8,8,3,9,2,1
3355,6,8,3,9,3,1
3356,7,5,2,4,3,2
3357,6,8,3,9,1,1
3358,1,6,3,7,3,2
3359,2,5,2,9,3,3
3360,7,7,2,8,3,3
3361,2,5,3,7,3,1
3362,8,2,1,1,3,1
3363,10,9,3,9,3,1
3364,7,2,3,10,3,3
3365,5,7,2,9,3,2
3366,1,6,3,8,2,1
3367,4,8,3,9,3,2
3368,8,5,3,8,1,1
3369,10,7,3,3,1,1
3370,8,8,3,8,3,1
3371,7,3,2,9,3,1
3372,8,3,2,9,2,2
3373,7,3,3,8,3,2
3374,8,5,1,8,3,1
3375,2,3,3,9,3,1
3376,8,7,2,9,2,1
3377,6,3,2,9,2,2
3378,3,5,2,3,3,1
3379,7,5,3,7,3,2
3380,6,4,3,8,3,2
3381,9,4,2,5,2,2
3382,2,8,3,8,3,1
3383,3,5,2,9,2,3
3384,7,5,3,7,3,3
3385,7,5,3,3,3,1
3386,7,9,3,9,2,1
3387,3,8,3,9,3,1
3388,7,8,1,8,3,1
3389,3,5,3,7,2,2
3390,10,8,1,9,3,2
3391,7,6,1,9,3,1
3392,3,3,3,7,1,1
3393,5,5,3,3,2,1
3394,5,6,3,7,1,1
3395,3,5,3,9,2,2
3396,7,7,3,7,3,1
3397,5,3,3,5,2,2
3398,7,8,3,7,2,3
3399,4,9,2,7,2,1
3400,5,8,2,7,3,3
3401,7,1,3,8,3,2
3402,9,7,3,3,2,1
3403,7,6,3,5,3,3
3404,7,9,3,9,1,2
3405,5,3,1,9,2,1
3406,5,6,2,9,1,1
3407,7,4,3,7,3,1
3408,8,8,3,8,1,2
3409,4,3,2,7,2,1
3410,7,4,2,7,3,1
3411,4,8,2,2,2,1
3412,7,8,3,8,2,2
3413,9,7,3,3,2,1
3414,4,3,2,9,1,1
3415,6,8,1,8,3,1
3416,5,8,3,8,2,2
3417,8,7,2,2,3,2
3418,7,5,2,9,2,1
3419,7,5,2,9,2,2
3420,3,7,2,7,3,1
3421,3,4,2,8,3,2
3422,1,7,3,4,2,1
3423,3,7,3,9,2,1
3424,5,2,2,6,3,2
3425,5,3,3,8,3,2
3426,5,8,2,8,3,1
3427,7,10,1,9,1,1
3428,3,7,3,9,3,1
3429,9,8,1,7,2,3
3430,1,8,2,3,1,1
3431,5,1,1,7,1,2
3432,7,7,2,9,3,1
3433,3,7,2,9,2,2
3434,5,5,3,7,3,1
3435,5,7,2,8,3,1
3436,7,7,3,9,1,2
3437,4,8,3,9,2,1
3438,2,5,2,8,3,2
3439,5,7,1,3,2,2
3440,5,8,1,1,2,1
3441,1,5,2,3,3,1
3442,5,5,3,9,3,2
3443,7,1,2,7,2,1
3444,3,5,3,8,3,1
3445,5,2,1,4,3,1
3446,3,7,3,10,3,1
3447,7,10,3,3,3,3
3448,7,5,2,9,2,1
3449,3,2,3,1,1,1
3450,5,8,2,7,3,3
3451,8,8,2,10,2,1
3452,7,7,3,9,3,1
3453,5,5,2,8,2,2
3454,8,7,2,8,3,3
3455,7,7,1,7,3,2
3456,7,3,3,3,2,3
3457,6,3,3,9,3,1
3458,5,8,2,3,1,1
3459,7,1,2,9,3,1
3460,7,3,2,7,3,3
3461,7,5,3,1,2,1
3462,2,5,3,7,3,2
3463,5,8,2,6,3,1
3464,7,7,3,9,2,3
3465,7,7,3,8,2,1
3466,7,4,3,7,3,1
3467,4,7,3,9,2,2
3468,10,8,2,9,2,1
3469,5,7,1,8,2,2
3470,6,10,1,7,3,3
3471,4,8,3,4,3,1
3472,5,8,3,8,3,1
3473,1,8,2,9,1,2
3474,6,2,3,1,2,2
3475,7,8,3,9,3,2
3476,3,9,2,9,2,2
3477,5,2,3,8,3,2
3478,8,5,3,5,1,1
3479,9,7,3,10,3,1
3480,7,7,1,8,1,1
3481,7,8,3,7,1,3
3482,2,7,2,3,3,1
3483,1,5,3,7,3,1
3484,5,8,3,8,3,1
3485,4,8,2,9,1,3
3486,9,5,2,7,1,1
3487,7,8,1,9,3,2
3488,9,6,3,3,1,2
3489,5,3,3,8,3,2
3490,7,7,3,8,1,1
3491,7,8,3,1,3,1
3492,7,5,2,9,2,3
3493,5,8,2,2,2,2
3494,7,7,1,8,3,2
3495,3,5,1,3,2,1
3496,8,3,2,3,2,3
3497,9,7,1,4,1,3
3498,5,5,3,5,3,2
3499,2,8,2,9,2,2
3500,7,7,3,9,2,1
3501,7,8,2,7,3,2
3502,3,7,3,8,1,3
3503,3,8,3,3,2,1
3504,3,8,3,4,1,3
3505,3,3,1,9,3,1
3506,3,8,1,7,3,1
3507,5,7,3,9,1,1
3508,5,2,3,7,3,3
3509,3,3,3,9,3,3
3510,7,7,3,8,2,3
3511,10,1,2,9,2,1
3512,6,6,3,5,3,1
3513,8,8,2,7,3,1
3514,7,5,1,3,1,3
3515,5,7,2,8,3,2
3516,3,8,2,9,1,1
3517,7,10,1,8,3,2
3518,5,5,3,7,3,1
3519,7,5,3,2,2,2
3520,5,8,1,2,3,1
3521,7,7,3,10,2,2
3522,7,5,2,8,2,3
3523,3,7,3,7,3,1
3524,5,7,2,9,1,1
3525,7,3,3,8,2,2
3526,7,10,3,8,3,2
3527,5,8,1,8,1,1
3528,2,7,3,9,3,1
3529,3,7,3,1,2,3
3530,7,7,2,8,3,2
3531,4,7,3,9,3,1
3532,4,7,2,10,2,2
3533,7,8,2,5,2,1
3534,5,7,1,8,3,2
3535,2,8,2,9,2,2
3536,7,8,3,10,3,1
3537,7,8,3,8,3,1
3538,7,7,1,7,2,1
3539,7,8,3,6,3,2
3540,7,5,2,3,1,2
3541,10,5,3,8,2,1
3542,3,8,3,9,2,2
3543,10,5,1,8,2,2
3544,3,5,3,7,2,1
3545,3,7,3,7,1,1
3546,7,3,2,8,2,3
3547,7,3,2,7,3,3
3548,9,5,1,7,2,1
3549,10,7,3,3,3,1
3550,5,3,3,1,2,2
3551,7,7,1,8,3,1
3552,7,5,3,6,1,1
3553,7,5,2,3,1,3
3554,3,5,2,9,2,2
3555,3,5,3,7,3,2
3556,5,8,3,9,3,2
3557,1,5,1,7,1,1
3558,5,8,1,9,3,2
3559,7,5,3,9,1,1
3560,9,8,2,7,3,2
3561,3,8,3,9,2,1
3562,6,5,2,8,1,1
3563,5,3,3,8,2,1
3564,5,3,1,7,2,3
3565,3,7,3,10,3,1
3566,5,8,2,9,2,3
3567,5,4,3,9,1,1
3568,8,10,3,7,3,1
3569,6,1,3,4,2,1
3570,5,9,2,7,1,1
3571,8,8,3,3,3,1
3572,2,1,3,5,3,2
3573,7,5,3,9,3,1
3574,1,8,3,7,2,1
3575,7,5,2,8,3,1
3576,5,2,3,9,3,3
3577,7,10,3,8,3,2
3578,3,5,2,6,2,3
3579,5,8,1,9,2,1
3580,6,7,2,9,3,2
3581,7,9,3,3,3,1
3582,5,5,3,8,3,1
3583,7,5,3,8,2,1
3584,10,8,3,7,2,1
3585,5,6,2,8,3,1
3586,1,8,3,5,3,1
3587,3,1,3,7,2,2
3588,7,7,3,4,3,2
3589,1,2,1,6,1,2
3590,7,5,3,6,1,1
3591,5,5,1,8,2,1
3592,6,10,3,3,2,3
3593,5,5,2,8,3,3
3594,7,6,2,8,1,1
3595,5,7,3,9,3,2
3596,3,7,2,7,2,2
3597,7,5,2,8,1,2
3598,3,6,2,8,2,3
3599,7,5,3,7,3,2
3600,7,7,3,7,1,1
3601,4,8,3,10,2,1
3602,3,8,3,3,2,2
3603,7,8,3,7,3,1
3604,7,3,2,5,2,2
3605,7,5,2,5,3,2
3606,3,5,2,9,2,2
3607,5,3,3,8,3,2
3608,4,9,2,3,2,2
3609,9,5,3,10,3,1
3610,10,9,3,7,3,1
3611,5,8,3,9,1,3
3612,7,10,2,7,1,2
3613,7,8,1,7,1,2
3614,3,9,1,4,3,1
3615,7,7,3,7,3,2
3616,7,7,2,5,2,2
3617,7,3,3,10,3,3
3618,5,8,3,10,3,1
3619,5,8,3,9,3,2
3620,10,8,3,3,3,1
3621,5,8,2,5,3,2
3622,7,2,1,6,2,1
3623,5,5,1,9,3,3
3624,3,8,1,9,1,3
3625,3,8,2,8,2,1
3626,7,8,2,8,3,1
3627,9,8,3,9,3,2
3628,8,7,3,9,2,1
3629,5,2,2,8,1,2
3630,7,8,2,3,2,1
3631,6,8,2,7,3,1
3632,5,9,2,10,3,1
3633,7,8,1,8,2,3
3634,5,4,2,8,3,1
3635,3,7,2,3,3,3
3636,7,8,3,10,3,2
3637,8,5,1,1,3,2
3638,4,7,3,8,3,1
3639,5,2,3,9,3,3
3640,7,8,3,7,3,1
3641,8,7,2,8,3,3
3642,7,8,2,9,3,1
3643,7,9,3,8,3,2
3644,3,7,2,8,1,3
3645,5,2,3,9,2,2
3646,9,5,3,9,1,1
3647,7,10,2,5,3,3
3648,8,8,3,9,3,1
3649,7,6,3,9,2,1
3650,10,2,3,9,3,1
3651,3,5,2,10,3,1
3652,6,7,3,3,3,2
3653,7,8,3,7,3,2
3654,8,8,2,9,3,2
3655,7,5,2,7,3,1
3656,7,8,1,6,2,2
3657,8,8,1,8,3,2
3658,5,7,3,3,2,1
3659,3,7,2,10,3,3
3660,2,3,2,8,3,2
3661,5,5,3,1,3,1
3662,3,7,3,7,1,1
3663,2,3,3,8,1,1
3664,7,5,3,7,2,1
3665,2,6,3,9,3,1
3666,7,9,3,8,2,1
3667,3,10,3,9,2,1
3668,5,2,3,9,2,2
3669,7,8,3,5,3,2
3670,6,8,1,7,3,2
3671,5,8,1,9,2,2
3672,5,7,2,4,2,1
3673,3,8,2,9,2,1
3674,7,8,3,4,2,1
3675,7,7,3,8,2,2
3676,7,8,3,9,3,2
3677,5,5,1,8,3,2
3678,5,2,2,9,2,2
3679,7,5,3,10,3,1
3680,7,8,3,9,3,2
3681,7,5,1,9,3,1
3682,4,7,2,8,2,3
3683,5,5,3,7,2,1
3684,7,8,3,6,1,3
3685,9,8,3,9,3,1
3686,5,7,2,3,3,2
3687,5,7,3,2,1,1
3688,7,7,3,1,3,2
3689,7,8,3,5,3,1
3690,9,8,3,8,3,2
3691,6,8,2,8,3,2
3692,6,7,1,7,2,2
3693,8,8,2,9,2,2
3694,7,7,2,8,3,1
3695,8,6,2,7,2,1
3696,7,9,3,9,2,2
3697,1,7,2,9,2,1
3698,5,5,2,7,3,3
3699,3,5,3,4,3,1
3700,5,6,3,3,2,2
3701,5,7,2,7,3,2
3702,1,8,1,4,2,2
3703,7,2,3,8,2,3
3704,1,6,3,8,2,2
3705,5,8,3,7,3,2
3706,4,8,3,8,3,3
3707,10,8,1,9,3,1
3708,7,5,2,8,2,2
3709,7,8,3,9,1,3
3710,9,7,3,7,3,3
3711,6,8,1,2,2,2
3712,3,8,3,9,2,1
3713,7,3,2,3,1,1
3714,5,7,2,7,3,2
3715,7,3,3,9,2,1
3716,9,6,2,7,3,3
3717,3,7,2,7,2,1
3718,4,7,3,8,3,1
3719,5,8,2,9,1,1
3720,5,8,2,10,3,2
3721,1,8,3,9,3,2
3722,7,8,1,9,3,1
3723,8,7,2,9,3,1
3724,5,3,3,8,2,2
3725,7,7,3,8,2,3
3726,1,8,3,9,3,1
3727,10,4,2,8,3,1
3728,3,8,2,9,3,1
3729,5,7,3,4,3,3
3730,8,9,3,7,3,1
3731,10,5,3,7,2,2
3732,7,8,2,7,2,1
3733,6,8,3,5,2,2
3734,3,5,1,7,3,1
3735,3,7,2,6,2,1
3736,10,3,1,7,2,1
3737,6,8,3,5,3,1
3738,7,1,2,9,3,2
3739,7,6,1,8,3,1
3740,5,3,3,7,1,2
3741,7,5,3,7,3,3
3742,5,7,2,6,2,1
3743,7,8,2,9,2,2
3744,5,5,3,7,3,1
3745,7,3,2,8,2,1
3746,5,4,3,9,2,1
3747,3,8,3,7,1,3
3748,7,5,1,8,3,3
3749,3,7,3,6,3,1
3750,10,5,2,8,3,1
3751,7,7,3,7,2,2
3752,10,5,2,9,2,1
3753,2,8,3,4,2,1
3754,3,5,2,7,3,2
3755,5,8,2,7,3,2
3756,6,7,3,9,3,1
3757,10,1,3,2,2,1
3758,3,7,1,9,1,1
3759,7,8,1,3,3,2
3760,2,7,2,7,2,1
3761,10,8,3,7,2,1
3762,7,4,3,9,2,1
3763,3,3,3,7,2,1
3764,7,3,3,7,3,1
3765,7,8,1,8,2,3
3766,7,5,2,10,2,2
3767,7,5,2,9,2,2
3768,5,8,1,10,1,1
3769,10,5,2,3,1,2
3770,7,9,1,9,2,3
3771,7,10,3,2,2,2
3772,5,8,1,7,2,1
3773,3,8,3,7,2,2
3774,5,1,3,7,2,1
3775,1,9,3,3,3,3
3776,1,6,2,1,2,2
3777,7,8,2,9,3,1
3778,10,8,3,8,3,2
3779,6,8,2,9,2,2
3780,3,8,3,3,2,2
3781,6,7,2,3,3,2
3782,5,7,3,3,3,2
3783,6,5,3,9,2,2
3784,8,4,3,9,3,1
3785,7,5,2,4,3,2
3786,7,7,1,8,3,3
3787,3,7,1,9,3,2
3788,1,8,1,9,3,1
3789,7,1,1,8,3,2
3790,5,1,1,9,2,2
3791,4,7,2,4,3,2
3792,7,1,3,3,3,2
3793,7,7,2,9,2,2
3794,3,7,3,9,1,1
3795,5,8,2,8,3,1
3796,7,8,3,9,3,1
3797,3,7,2,9,2,2
3798,8,1,2,7,2,3
3799,5,2,1,1,2,1
3800,5,8,2,9,2,2
3801,3,8,3,3,3,1
3802,7,7,2,8,3,1
3803,5,8,3,8,1,2
3804,2,2,3,1,2,1
3805,7,7,3,3,1,1
3806,7,7,3,9,3,2
3807,3,10,3,7,2,1
3808,7,8,3,6,2,1
3809,8,7,2,7,3,2
3810,5,7,3,10,3,3
3811,7,3,3,8,3,3
3812,1,8,1,3,2,2
3813,5,6,2,8,3,1
3814,5,8,2,1,3,1
3815,1,7,2,4,1,1
3816,1,5,3,8,1,1
3817,5,8,1,3,3,2
3818,7,3,3,9,3,3
3819,3,4,2,7,3,2
3820,7,8,1,9,3,1
3821,7,9,3,7,2,1
3822,5,4,2,8,3,1
3823,4,8,1,4,1,2
3824,5,5,2,5,1,2
3825,7,5,3,9,3,2
3826,3,8,3,7,3,1
3827,7,7,2,7,3,2
3828,3,7,1,9,1,1
3829,3,7,2,7,2,2
3830,5,7,2,9,3,2
3831,1,7,1,9,2,3
3832,7,5,2,4,1,3
3833,5,7,1,8,2,2
3834,5,4,2,8,3,2
3835,7,7,2,9,3,2
3836,3,7,3,8,3,3
3837,1,8,1,9,3,2
3838,4,2,2,9,3,2
3839,5,1,1,8,2,1
3840,5,8,2,9,3,2
3841,4,4,3,8,2,1
3842,7,7,3,3,2,3
3843,7,8,3,9,2,1
3844,5,6,2,3,3,1
3845,7,9,3,2,2,2
3846,8,8,2,8,3,1
3847,5,3,2,7,3,1
3848,8,7,1,9,3,1
3849,7,6,3,8,3,1
3850,5,5,1,8,3,2
3851,7,8,3,7,3,1
3852,9,7,3,9,3,1
3853,3,2,3,2,3,1
3854,8,5,3,9,3,2
3855,3,3,3,8,1,2
3856,7,3,2,8,2,1
3857,7,5,3,9,3,3
3858,7,8,3,3,3,1
3859,1,7,2,9,3,1
3860,3,6,2,9,2,2
3861,3,8,3,9,1,2
3862,5,8,3,7,2,2
3863,6,8,2,9,2,2
3864,7,7,2,6,3,3
3865,7,1,1,7,1,1
3866,5,3,2,7,1,1
3867,7,5,2,8,3,2
3868,5,7,2,3,3,3
3869,10,7,3,9,3,2
3870,5,6,3,2,3,2
3871,5,5,3,8,2,1
3872,3,9,2,7,3,1
3873,5,10,1,8,3,1
3874,3,5,3,7,1,2
3875,7,8,3,9,1,2
3876,7,8,3,8,1,1
3877,5,4,2,9,2,1
3878,4,9,3,8,2,2
3879,9,9,3,9,2,1
3880,7,7,3,8,3,2
3881,10,5,2,8,3,2
3882,3,8,3,7,2,2
3883,7,5,1,9,1,1
3884,6,5,3,7,2,1
3885,6,8,2,8,3,1
3886,1,3,3,9,3,1
3887,1,8,3,9,3,1
3888,7,7,1,8,1,1
3889,2,7,3,9,1,2
3890,7,7,3,8,1,1
3891,7,1,3,8,2,1
3892,7,10,2,6,1,1
3893,10,7,3,8,3,1
3894,3,8,3,3,2,1
3895,10,8,1,7,3,3
3896,5,1,3,7,1,1
3897,7,3,3,10,3,2
3898,5,7,2,8,3,2
3899,6,8,3,9,1,1
3900,7,7,3,9,3,1
3901,7,7,3,9,2,1
3902,5,5,2,9,3,3
3903,5,2,3,4,2,2
3904,5,5,1,6,3,1
3905,5,7,3,4,3,3
3906,4,3,2,9,2,3
3907,9,7,1,7,2,3
3908,3,8,1,8,2,2
3909,7,8,2,7,1,3
3910,7,3,1,8,2,3
3911,7,3,2,9,3,3
3912,7,5,3,7,3,1
3913,6,8,3,9,3,1
3914,5,7,1,4,1,1
3915,7,7,2,7,1,2
3916,5,3,2,3,3,1
3917,2,5,3,2,3,1
3918,7,8,1,7,2,2
3919,3,8,3,9,3,1
3920,6,6,3,1,2,1
3921,2,5,3,9,3,2
3922,1,9,3,2,1,1
3923,5,8,2,9,3,2
3924,7,7,3,7,3,1
3925,7,1,3,9,2,2
3926,10,8,3,6,2,3
3927,4,7,3,8,2,1
3928,7,8,2,9,2,3
3929,7,6,3,8,1,2
3930,10,8,3,9,1,1
3931,7,2,2,7,3,1
3932,8,5,2,8,3,2
3933,3,3,3,8,3,2
3934,6,1,3,9,1,2
3935,5,7,3,3,1,1
3936,5,8,2,3,3,2
3937,6,5,2,9,3,1
3938,5,4,2,8,3,2
3939,2,7,2,9,1,3
3940,5,5,3,7,1,3
3941,7,2,3,9,1,1
3942,5,9,2,6,2,1
3943,1,7,3,9,3,3
3944,6,5,1,8,3,2
3945,5,8,2,9,2,1
3946,6,5,1,8,3,2
3947,6,9,3,9,2,3
3948,3,8,3,10,3,2
3949,6,7,2,1,2,2
3950,5,8,3,3,3,3
3951,3,3,2,2,1,1
3952,3,7,3,7,2,2
3953,7,8,2,1,1,3
3954,9,8,3,5,2,2
3955,7,7,3,9,2,2
3956,5,7,3,8,3,1
3957,5,6,2,9,2,3
3958,5,7,3,9,3,1
3959,5,8,1,8,2,1
3960,7,8,2,10,3,1
3961,3,6,3,9,2,3
3962,1,3,2,9,1,3
3963,9,7,3,7,3,2
3964,3,7,3,8,2,2
3965,2,7,3,7,2,3
3966,5,5,1,9,3,2
3967,10,1,2,9,3,2
3968,7,7,3,8,2,1
3969,5,7,2,8,1,1
3970,4,5,2,9,2,1
3971,6,2,3,7,3,1
3972,7,8,3,9,3,1
3973,7,7,3,8,1,2
3974,2,8,3,7,2,1
3975,10,7,2,8,2,2
3976,1,10,3,7,3,1
3977,5,8,2,9,3,1
3978,5,3,3,7,3,2
3979,7,8,2,1,3,1
3980,5,10,3,8,3,3
3981,8,6,1,6,3,1
3982,9,5,2,9,2,1
3983,7,8,3,9,2,1
3984,3,4,2,2,3,1
3985,1,8,2,9,3,3
3986,7,5,1,9,2,2
3987,3,7,3,9,3,2
3988,3,7,2,9,3,2
3989,7,8,2,9,2,2
3990,5,5,3,7,1,1
3991,5,7,3,7,3,1
3992,3,5,2,8,2,1
3993,3,8,3,7,2,3
3994,8,3,2,9,1,1
3995,5,3,3,7,3,1
3996,2,3,2,4,3,1
3997,2,3,3,8,3,1
3998,7,5,2,7,2,3
3999,10,1,3,8,3,1
4000,3,4,2,10,3,2
4001,7,7,3,9,2,1
4002,7,8,3,7,2,1
4003,3,7,2,9,3,2
4004,7,9,3,7,3,1
4005,8,8,3,7,1,3
4006,5,9,2,8,2,1
4007,6,8,1,9,3,2
4008,10,8,3,8,2,1
4009,4,5,3,9,1,1
4010,2,1,1,2,3,2
4011,3,5,2,7,2,2
4012,6,8,3,7,2,1
4013,1,7,3,9,2,2
4014,5,8,3,3,3,2
4015,5,5,2,9,2,3
4016,5,9,3,8,2,3
4017,5,8,1,9,3,2
4018,7,10,2,2,3,2
4019,7,5,2,9,3,1
4020,4,5,2,8,2,1
4021,6,3,1,2,3,3
4022,5,9,3,9,3,1
4023,3,8,3,9,2,1
4024,4,7,1,9,3,1
4025,5,5,3,8,2,1
4026,5,6,1,1,3,1
4027,3,7,2,8,3,1
4028,3,5,2,3,1,3
4029,7,5,1,10,3,3
4030,2,7,3,8,2,1
4031,8,6,3,9,3,1
4032,8,4,2,8,3,1
4033,5,6,3,8,3,1
4034,1,8,1,7,2,2
4035,3,8,3,9,2,2
4036,5,5,2,3,3,1
4037,9,7,3,7,2,2
4038,5,5,2,8,3,1
4039,4,3,2,5,3,1
4040,5,7,3,7,3,2
4041,7,5,3,9,2,1
4042,8,8,3,8,3,1
4043,8,5,3,3,1,2
4044,1,7,2,3,1,2
4045,5,1,2,7,1,1
4046,5,7,1,8,2,1
4047,3,7,3,9,2,1
4048,5,4,3,8,1,1
4049,4,3,3,8,3,1
4050,4,3,2,7,3,3
4051,7,7,3,7,3,1
4052,3,5,3,3,3,3
4053,3,8,3,4,1,2
4054,5,8,3,3,3,1
4055,7,8,1,10,3,2
4056,7,5,2,9,1,2
4057,7,5,3,9,2,2
4058,5,4,3,9,2,3
4059,7,5,2,9,3,1
4060,2,8,3,5,1,1
4061,7,8,3,6,2,1
4062,7,7,3,2,3,1
4063,7,3,3,4,2,2
4064,7,8,3,8,2,2
4065,7,7,2,8,2,3
4066,5,10,2,3,3,2
4067,3,8,2,8,2,3
4068,7,8,1,9,3,1
4069,5,3,3,4,3,3
4070,6,7,1,8,3,1
4071,5,3,3,7,2,1
4072,9,3,3,9,3,1
4073,1,8,3,5,3,3
4074,7,5,3,9,2,2
4075,3,8,1,8,3,1
4076,7,7,2,5,3,2
4077,5,8,2,8,2,1
4078,7,3,3,3,2,3
4079,8,4,3,5,3,1
4080,7,3,2,9,3,1
4081,10,6,2,9,1,2
4082,7,5,3,9,2,1
4083,3,8,3,1,2,3
4084,7,8,3,8,2,2
4085,2,7,3,8,3,2
4086,3,5,2,6,1,2
4087,7,7,3,7,1,1
4088,5,5,3,8,2,2
4089,5,7,3,4,3,1
4090,7,8,1,7,3,3
4091,6,6,1,5,2,2
4092,4,7,3,9,3,2
4093,2,7,1,5,3,3
4094,7,8,3,5,1,2
4095,10,5,2,4,3,2
4096,3,5,3,9,3,2
4097,3,2,3,9,3,1
4098,3,5,1,8,3,1
4099,6,5,2,9,3,2
4100,3,5,3,9,3,2
4101,9,1,2,9,3,1
4102,7,7,3,7,2,1
4103,7,3,3,5,1,2
4104,8,5,3,7,3,1
4105,7,7,1,4,3,1
4106,5,5,2,3,2,2
4107,9,2,3,3,3,2
4108,5,6,2,9,2,2
4109,6,8,3,8,2,2
4110,7,5,3,7,3,1
4111,9,5,2,8,3,1
4112,5,4,3,5,3,3
4113,7,8,3,7,1,2
4114,5,8,2,6,3,1
4115,7,7,3,9,2,2
4116,5,7,3,9,1,3
4117,7,6,2,8,2,2
4118,5,5,2,4,3,2
4119,6,6,1,7,3,2
4120,7,3,2,8,2,2
4121,3,8,3,8,2,1
4122,3,4,3,9,2,2
4123,7,4,3,8,3,1
4124,3,5,3,3,2,2
4125,5,5,3,2,1,1
4126,9,7,2,8,3,1
4127,5,7,3,7,2,3
4128,4,7,3,8,2,3
4129,10,5,3,10,1,1
4130,7,7,2,7,3,1
4131,3,8,3,9,2,2
4132,4,3,3,7,2,2
4133,5,8,3,7,3,2
4134,5,8,3,9,3,2
4135,4,4,2,7,1,1
4136,10,2,3,8,3,2
4137,6,5,3,7,3,3
4138,7,3,2,1,1,1
4139,7,5,1,7,2,2
4140,7,8,3,5,3,1
4141,7,7,3,1,1,2
4142,7,4,3,6,3,2
4143,9,4,1,1,2,2
4144,5,2,1,9,2,2
4145,1,3,2,8,3,2
4146,3,7,2,8,1,1
4147,5,8,1,8,2,1
4148,5,5,2,8,1,2
4149,5,5,3,8,3,1
4150,9,7,1,7,1,2
4151,9,7,3,10,3,3
4152,3,9,2,1,1,1
4153,5,7,3,9,3,1
4154,3,5,3,3,3,1
4155,9,7,1,3,3,1
4156,10,9,3,7,3,1
4157,3,5,3,3,1,1
4158,3,7,3,8,2,3
4159,4,8,2,8,2,1
4160,3,5,1,3,3,1
4161,5,2,2,9,2,2
4162,3,7,2,9,3,1
4163,3,8,3,8,3,3
4164,4,9,1,9,3,2
4165,7,3,3,2,3,3
4166,5,5,2,8,2,1
4167,7,6,3,3,2,1
4168,4,7,3,3,3,1
4169,3,7,3,5,2,2
4170,5,5,2,8,3,1
4171,7,7,2,8,3,1
4172,7,8,3,6,1,2
4173,1,8,2,10,2,1
4174,8,8,3,3,3,2
4175,5,10,3,9,2,1
4176,10,7,1,8,3,2
4177,7,10,1,7,2,2
4178,5,6,2,8,3,2
4179,7,3,1,10,2,1
4180,7,7,1,8,3,2
4181,5,3,1,7,3,2
4182,3,7,3,2,2,2
4183,8,5,3,8,3,1
4184,7,8,3,8,2,1
4185,10,8,3,7,3,2
4186,9,5,2,7,2,1
4187,5,2,3,4,3,1
4188,4,8,3,2,1,3
4189,7,5,3,7,3,2
4190,7,5,3,7,3,1
4191,5,3,3,1,3,2
4192,5,5,1,9,2,1
4193,10,9,2,9,2,1
4194,7,8,2,7,3,2
4195,3,4,1,7,2,1
4196,7,8,3,3,3,3
4197,5,6,3,8,2,1
4198,5,5,3,7,1,1
4199,9,7,1,10,1,1
4200,1,2,2,9,2,2
4201,7,7,1,7,3,2
4202,7,5,3,7,1,2
4203,4,3,3,8,1,1
4204,8,5,3,8,1,1
4205,7,8,3,8,3,3
4206,3,2,3,9,2,1
4207,3,8,3,7,2,1
4208,9,5,1,9,2,2
4209,7,4,3,8,3,1
4210,10,7,2,9,2,2
4211,8,1,3,4,3,3
4212,5,3,2,8,3,2
4213,9,7,2,6,1,2
4214,5,5,1,4,2,2
4215,2,7,2,9,3,1
4216,7,8,3,9,3,3
4217,1,6,2,9,3,1
4218,5,6,3,8,2,1
4219,5,7,3,8,2,1
4220,5,2,2,8,3,3
4221,10,7,2,2,3,1
4222,5,8,2,2,2,2
4223,7,5,3,8,3,1
4224,3,6,1,9,3,1
4225,5,8,2,8,1,2
4226,1,5,2,9,2,1
4227,3,8,3,7,3,1
4228,9,7,2,7,2,2
4229,6,5,2,9,2,2
4230,5,8,3,3,3,2
4231,5,8,2,9,2,3
4232,1,8,1,9,3,1
4233,4,8,3,9,2,1
4234,5,3,3,3,1,1
4235,5,5,3,7,1,1
4236,2,4,2,3,1,1
4237,7,7,3,7,3,2
4238,7,3,2,7,2,1
4239,10,3,3,3,3,3
4240,5,2,1,10,2,3
4241,3,5,3,9,3,3
4242,5,8,1,9,1,2
4243,10,5,2,10,2,1
4244,5,3,3,3,3,3
4245,7,6,3,7,3,1
4246,7,10,3,4,2,1
4247,5,7,3,9,1,2
4248,7,8,2,8,1,1
4249,5,8,2,1,2,2
4250,5,3,3,3,2,3
4251,5,7,3,7,2,1
4252,7,7,3,8,2,1
4253,1,7,3,9,3,1
4254,7,5,2,9,2,2
4255,5,8,1,9,2,1
4256,7,3,1,9,3,2
4257,4,4,3,7,3,1
4258,2,7,3,9,1,2
4259,3,10,3,6,2,2
4260,5,5,2,3,3,2
4261,3,6,3,7,2,1
4262,2,8,2,9,3,1
4263,7,5,2,6,2,2
4264,4,1,2,9,1,2
4265,4,7,1,7,3,2
4266,3,7,1,6,2,1
4267,5,10,3,8,2,2
4268,1,1,2,7,3,1
4269,3,8,1,9,3,2
4270,3,7,3,8,1,1
4271,7,1,2,3,3,3
4272,7,8,2,8,1,2
4273,5,5,3,4,2,2
4274,7,7,3,8,3,1
4275,10,3,3,7,1,1
4276,10,8,3,9,2,2
4277,5,8,1,3,2,1
4278,7,3,2,5,3,2
4279,3,8,1,7,1,2
4280,8,8,2,6,2,1
4281,8,5,3,7,3,1
4282,7,8,3,7,2,3
4283,1,4,3,7,3,2
4284,7,9,2,9,2,2
4285,2,9,3,7,1,2
4286,5,7,3,7,2,2
4287,7,7,1,3,3,2
4288,7,6,3,7,1,2
4289,3,8,3,1,2,1
4290,7,3,2,7,3,2
4291,5,8,2,7,3,1
4292,6,8,3,9,1,1
4293,3,7,1,9,3,1
4294,3,8,3,9,3,2
4295,9,7,2,9,3,3
4296,5,7,3,8,3,1
4297,7,5,3,2,2,2
4298,7,5,3,2,3,2
4299,5,1,2,9,3,2
4300,10,7,2,4,3,1
4301,7,1,1,9,3,1
4302,7,5,3,3,3,3
4303,3,5,2,8,3,1
4304,3,9,3,9,3,3
4305,10,3,2,8,2,3
4306,8,1,2,6,3,3
4307,5,9,3,2,3,2
4308,7,8,2,3,1,1
4309,9,10,2,9,3,2
4310,1,8,3,7,2,1
4311,7,8,2,3,2,3
4312,7,8,2,8,1,1
4313,5,3,2,3,2,1
4314,5,9,2,8,3,1
4315,2,7,2,8,2,3
4316,3,7,3,8,2,2
4317,6,3,1,7,3,3
4318,7,5,1,7,3,1
4319,5,8,3,7,2,2
4320,5,8,3,9,2,2
4321,8,7,2,10,1,1
4322,7,7,1,7,2,1
4323,5,3,2,9,3,1
4324,7,8,3,1,3,1
4325,6,8,2,3,3,1
4326,5,4,3,4,3,1
4327,7,7,2,10,2,1
4328,5,3,1,9,3,3
4329,5,7,1,9,3,1
4330,1,7,3,3,3,1
4331,8,7,2,10,1,2
4332,6,8,3,8,3,1
4333,7,6,2,3,2,2
4334,7,8,2,8,3,2
4335,7,8,1,5,2,1
4336,3,7,2,3,2,1
4337,5,5,3,5,3,2
4338,3,1,3,8,2,3
4339,9,7,2,7,1,2
4340,8,3,2,9,1,2
4341,4,7,2,7,3,2
4342,4,3,3,7,2,3
4343,7,8,2,3,3,2
4344,5,7,3,8,3,2
4345,3,2,3,9,2,2
4346,5,8,2,3,3,2
4347,2,8,1,9,3,1
4348,3,8,2,7,3,3
4349,7,7,2,7,3,1
4350,7,7,1,8,2,1
4351,5,7,2,9,2,2
4352,8,7,3,9,2,2
4353,3,8,1,8,3,2
4354,5,7,3,9,2,2
4355,7,7,2,2,1,1
4356,3,7,1,9,1,1
4357,7,7,2,7,1,2
4358,5,5,3,4,1,3
4359,1,7,2,6,1,1
4360,7,8,1,9,3,2
4361,7,1,1,8,3,1
4362,7,7,3,10,2,2
4363,1,5,3,7,2,1
4364,3,6,2,8,3,2
4365,7,3,2,7,3,2
4366,8,7,1,8,3,1
4367,5,8,2,3,2,2
4368,5,8,3,9,3,3
4369,7,7,3,8,3,1
4370,7,5,1,7,3,1
4371,5,10,2,2,3,1
4372,8,8,3,9,2,1
4373,5,3,3,8,2,2
4374,5,3,2,9,3,1
4375,3,8,1,7,1,2
4376,7,4,1,7,2,2
4377,8,8,2,3,3,1
4378,7,8,3,7,1,2
4379,7,8,3,4,3,1
4380,10,7,2,7,3,2
4381,1,9,2,7,1,1
4382,7,3,3,7,2,1
4383,6,7,3,8,3,1
4384,7,7,2,9,2,2
4385,7,8,3,8,3,1
4386,3,5,2,1,2,2
4387,7,5,2,9,3,3
4388,5,3,2,9,2,1
4389,2,8,2,3,3,1
4390,3,7,3,8,3,1
4391,5,7,3,9,3,2
4392,7,1,3,2,2,2
4393,7,5,3,9,3,3
4394,9,7,2,8,3,2
4395,7,6,3,7,3,2
4396,9,8,1,1,1,1
4397,7,8,2,8,3,2
4398,7,4,3,8,2,2
4399,3,8,3,9,2,1
4400,7,7,2,1,3,1
4401,5,3,3,7,1,2
4402,6,4,3,3,3,3
4403,1,10,2,1,3,3
4404,5,4,2,8,2,1
4405,2,8,3,9,3,1
4406,7,8,3,9,3,1
4407,7,8,1,10,1,1
4408,3,10,2,7,2,3
4409,8,10,3,8,2,3
4410,7,1,3,9,3,1
4411,5,5,3,9,3,2
4412,5,7,3,7,3,1
4413,3,1,3,8,3,2
4414,7,7,1,1,3,1
4415,9,10,3,2,2,1
4416,7,3,2,9,3,1
4417,3,1,1,9,3,1
4418,3,5,2,7,1,1
4419,7,5,3,9,1,2
4420,3,8,1,7,1,1
4421,3,4,2,9,3,2
4422,7,5,3,10,3,1
4423,5,7,2,8,3,3
4424,7,8,2,9,1,3
4425,8,4,2,7,3,2
4426,7,3,2,10,3,1
4427,1,6,3,8,2,2
4428,5,8,3,6,2,3
4429,1,2,3,9,3,1
4430,7,7,3,8,2,1
4431,5,5,2,9,3,2
4432,10,8,2,1,2,2
4433,5,7,2,3,3,3
4434,8,8,3,9,3,1
4435,7,7,3,7,2,1
4436,5,7,1,8,2,1
4437,3,9,3,10,3,2
4438,7,8,3,5,3,3
4439,7,10,3,5,3,1
4440,7,8,3,9,3,2
4441,3,8,3,9,2,1
4442,5,5,3,3,3,2
4443,7,5,3,3,1,3
4444,5,5,2,3,2,1
4445,5,3,3,8,3,2
4446,7,8,1,5,1,1
4447,3,5,2,3,3,2
4448,5,4,3,7,1,1
4449,3,10,3,8,1,3
4450,7,8,1,7,1,2
4451,1,8,3,7,2,1
4452,5,8,2,8,2,1
4453,7,8,2,3,2,2
4454,5,8,3,5,3,1
4455,5,8,3,8,1,1
4456,7,6,3,8,3,2
4457,6,8,3,9,2,1
4458,5,4,3,9,3,2
4459,7,8,3,3,2,3
4460,7,3,2,5,3,2
4461,3,4,3,8,2,1
4462,7,8,2,8,2,1
4463,5,9,2,8,3,1
4464,3,5,3,9,1,2
4465,5,6,3,3,3,1
4466,4,3,2,8,2,1
4467,5,1,3,8,3,2
4468,5,8,1,9,2,3
4469,7,5,3,7,2,1
4470,2,3,3,9,3,1
4471,7,6,1,3,2,1
4472,10,8,2,2,3,2
4473,7,5,3,9,2,2
4474,1,7,3,2,2,3
4475,10,4,3,6,2,3
4476,5,8,2,9,1,3
4477,8,7,3,9,2,1
4478,7,7,2,9,3,1
4479,5,8,2,7,3,1
4480,7,8,1,9,1,3
4481,7,8,1,9,1,2
4482,4,8,2,3,1,2
4483,10,3,3,8,2,1
4484,5,7,2,9,3,1
4485,5,5,2,9,3,1
4486,9,8,3,9,3,2
4487,5,7,3,8,1,2
4488,7,7,2,9,3,1
4489,3,2,2,5,3,1
4490,3,8,2,3,3,1
4491,7,8,1,9,3,2
4492,5,5,2,8,2,2
4493,5,5,2,6,1,1
4494,7,7,3,7,3,2
4495,4,8,2,10,2,1
4496,7,7,3,8,1,2
4497,4,8,2,2,3,1
4498,10,5,3,10,3,3
4499,3,8,1,7,2,2
4500,10,5,3,8,2,1
4501,7,10,3,6,3,1
4502,9,6,3,8,2,3
4503,3,7,1,9,3,1
4504,7,7,2,1,3,2
4505,5,1,1,9,3,2
4506,7,2,2,7,3,2
4507,7,7,1,2,3,1
4508,3,8,2,8,2,1
4509,1,10,1,7,1,2
4510,5,6,3,8,3,1
4511,3,7,3,3,1,2
4512,7,8,3,8,2,2
4513,7,7,3,3,2,2
4514,1,8,2,2,1,1
4515,7,8,3,7,2,2
4516,5,8,3,4,3,3
4517,3,4,3,7,2,1
4518,3,7,3,7,3,1
4519,5,7,3,9,2,3
4520,3,8,3,9,2,2
4521,5,8,2,7,3,2
4522,4,10,2,5,1,1
4523,8,8,2,7,1,2
4524,7,7,2,8,3,1
4525,5,1,3,6,2,1
4526,7,8,2,3,3,1
4527,5,4,3,8,3,2
4528,7,7,2,8,1,3
4529,7,2,2,8,3,2
4530,3,8,2,5,1,3
4531,5,7,3,8,2,2
4532,3,8,2,8,2,1
4533,5,7,3,9,3,3
4534,6,7,3,9,3,2
4535,6,7,2,3,3,2
4536,7,8,3,7,3,1
4537,7,7,2,10,3,1
4538,7,3,3,9,3,2
4539,7,7,3,3,1,2
4540,7,8,2,7,3,1
4541,3,7,3,9,3,1
4542,5,7,2,8,2,1
4543,3,5,3,8,2,1
4544,5,7,1,7,3,1
4545,5,8,2,7,2,3
4546,3,6,2,9,1,1
4547,5,8,2,7,2,1
4548,7,7,2,3,2,1
4549,7,10,3,8,2,2
4550,7,5,3,4,3,2
4551,8,10,2,8,2,1
4552,10,7,2,6,3,1
4553,3,7,2,3,1,2
4554,3,7,3,9,2,2
4555,7,8,3,7,1,3
4556,3,1,3,8,3,1
4557,3,4,3,7,3,1
4558,5,8,3,9,3,3
4559,5,5,3,2,3,2
4560,7,8,1,4,3,2
4561,5,8,1,9,2,1
4562,7,8,3,9,2,3
4563,8,5,2,10,3,2
4564,7,7,2,9,1,1
4565,7,5,2,10,3,2
4566,10,6,3,7,1,1
4567,6,8,3,9,2,2
4568,6,7,3,9,3,1
4569,10,7,2,7,2,1
4570,3,4,3,7,1,3
4571,7,2,3,2,3,1
4572,3,7,2,8,3,3
4573,1,8,2,8,1,1
4574,3,7,3,9,2,2
4575,7,7,3,8,3,2
4576,7,3,2,3,2,3
4577,7,8,1,8,1,2
4578,7,8,2,4,1,1
4579,3,7,3,8,3,1
4580,7,4,2,10,3,2
4581,7,3,1,3,3,1
4582,7,4,3,9,2,3
4583,7,8,2,7,2,2
4584,5,7,2,3,3,1
4585,9,8,2,7,3,1
4586,7,5,2,9,1,1
4587,5,7,3,7,3,1
4588,7,5,1,2,1,1
4589,7,8,3,1,3,1
4590,5,5,1,9,3,2
4591,7,8,3,8,2,2
4592,7,7,2,8,3,1
4593,6,8,1,10,3,1
4594,9,1,1,9,3,1
4595,9,2,3,7,3,1
4596,7,8,1,7,3,2
4597,3,7,3,9,3,2
4598,1,9,1,8,3,3
4599,7,9,3,7,2,1
4600,3,8,3,9,2,1
4601,7,10,3,9,2,3
4602,10,7,3,8,2,1
4603,7,5,3,8,3,1
4604,7,9,3,9,2,1
4605,7,3,3,8,3,1
4606,7,7,2,8,1,1
4607,8,7,3,3,2,3
4608,3,1,2,7,2,2
4609,7,5,2,8,3,1
4610,6,6,3,2,1,1
4611,6,8,2,8,1,3
4612,7,5,3,6,2,1
4613,10,8,2,5,3,3
4614,6,2,3,9,3,3
4615,3,3,3,2,3,2
4616,3,8,2,3,2,2
4617,7,8,1,9,2,1
4618,7,3,3,8,1,3
4619,3,5,2,9,2,2
4620,9,10,3,3,1,3
4621,7,7,1,8,2,2
4622,3,1,2,4,2,2
4623,1,3,3,7,3,1
4624,1,5,3,8,2,2
4625,4,10,2,8,2,1
4626,5,7,3,3,2,1
4627,9,8,1,7,3,1
4628,10,5,1,9,3,1
4629,2,10,3,8,1,3
4630,7,7,1,7,3,1
4631,7,3,3,3,1,2
4632,7,8,3,9,2,1
4633,7,2,2,7,3,1
4634,7,8,3,9,2,1
4635,3,5,2,7,3,2
4636,5,8,3,5,3,1
4637,5,6,3,8,2,2
4638,1,5,1,6,2,3
4639,8,8,3,7,3,2
4640,5,7,2,9,3,1
4641,7,1,2,8,2,3
4642,10,8,3,6,2,2
4643,5,5,3,4,2,1
4644,5,8,3,7,3,3
4645,7,5,1,7,2,1
4646,9,7,3,7,1,2
4647,6,3,3,9,1,3
4648,7,8,3,4,1,1
4649,7,7,3,1,2,2
4650,7,3,1,9,3,1
4651,7,8,2,7,3,1
4652,5,5,3,7,2,3
4653,4,6,3,7,3,1
4654,7,5,1,1,3,2
4655,6,8,2,7,2,2
4656,5,5,3,7,3,2
4657,5,7,2,7,2,3
4658,7,7,3,2,3,1
4659,7,8,1,6,3,1
4660,2,4,3,9,2,2
4661,7,1,2,4,1,1
4662,7,7,2,9,2,3
4663,5,7,1,9,3,1
4664,7,7,3,7,1,1
4665,7,7,3,7,2,1
4666,1,5,2,3,3,2
4667,8,8,3,9,2,3
4668,1,2,3,7,1,2
4669,5,8,2,8,2,1
4670,5,6,3,8,2,1
4671,4,5,2,7,3,2
4672,2,5,3,7,2,1
4673,5,5,3,9,3,2
4674,10,9,1,10,3,2
4675,2,7,2,7,2,1
4676,7,9,2,8,3,2
4677,5,5,2,9,2,2
4678,5,7,2,6,1,2
4679,7,8,3,8,1,1
4680,5,7,1,8,3,2
4681,10,1,3,7,3,3
4682,1,9,2,8,3,1
4683,8,8,3,3,3,1
4684,7,7,2,9,2,1
4685,7,8,2,4,3,3
4686,8,10,3,7,2,2
4687,5,8,3,5,3,2
4688,5,7,3,7,1,2
4689,2,2,1,5,1,1
4690,3,7,3,7,1,3
4691,3,8,3,7,3,3
4692,6,5,3,3,2,2
4693,3,7,1,7,2,2
4694,3,5,3,6,3,1
4695,3,8,3,8,2,1
4696,10,2,3,9,2,1
4697,5,7,3,7,2,1
4698,7,7,2,8,2,3
4699,8,7,3,3,3,1
4700,8,3,1,10,3,1
4701,2,3,2,4,3,2
4702,7,8,2,7,3,2
4703,4,5,1,8,2,2
4704,4,3,1,8,3,1
4705,2,5,3,7,2,2
4706,5,3,3,8,2,1
4707,6,7,3,7,2,3
4708,3,8,3,7,1,2
4709,5,3,1,3,2,2
4710,9,9,2,8,2,1
4711,7,8,2,9,1,2
4712,7,5,2,9,3,1
4713,3,5,1,9,2,1
4714,2,3,3,2,3,1
4715,10,3,3,9,2,2
4716,7,7,2,7,3,1
4717,6,8,3,8,3,2
4718,5,7,3,4,1,1
4719,1,3,3,8,3,1
4720,7,4,3,8,3,1
4721,7,8,3,8,1,1
4722,8,5,3,8,2,2
4723,6,8,3,7,2,1
4724,6,6,2,3,2,2
4725,3,5,3,8,3,1
4726,10,10,3,10,3,2
4727,7,7,2,8,3,1
4728,7,5,2,9,3,3
4729,7,5,3,6,3,1
4730,7,7,2,3,2,3
4731,5,5,3,10,3,3
4732,10,10,2,3,2,2
4733,2,7,2,9,2,1
4734,1,8,3,4,3,2
4735,3,3,1,1,1,1
4736,10,8,3,8,3,1
4737,5,7,1,5,3,2
4738,5,8,3,8,3,1
4739,5,7,3,9,3,3
4740,9,1,2,8,3,1
4741,6,8,3,2,2,1
4742,7,7,2,7,3,1
4743,5,5,3,7,1,1
4744,7,4,3,3,3,2
4745,3,7,3,8,3,1
4746,5,7,3,6,2,1
4747,5,1,3,3,3,1
4748,3,5,1,8,3,1
4749,5,5,2,9,2,3
4750,3,7,2,3,1,3
4751,3,6,3,9,3,1
4752,7,7,1,8,1,1
4753,3,5,3,5,2,2
4754,1,9,3,8,3,2
4755,3,4,3,9,2,1
4756,5,7,3,7,3,1
4757,5,7,2,9,3,1
4758,10,7,3,9,1,1
4759,7,7,2,9,3,3
4760,3,5,3,7,2,2
4761,5,8,3,3,2,1
4762,1,7,3,8,3,2
4763,3,7,3,3,1,1
4764,3,7,2,8,3,1
4765,5,10,3,9,2,2
4766,2,7,3,2,3,2
4767,1,7,1,9,2,3
4768,8,7,1,8,3,2
4769,8,9,2,9,2,2
4770,9,8,2,7,2,3
4771,7,7,1,8,1,1
4772,4,8,2,7,2,3
4773,7,7,3,8,3,2
4774,1,8,1,7,2,1
4775,5,8,3,9,2,1
4776,8,1,2,9,3,2
4777,5,7,1,8,2,1
4778,2,7,2,9,3,1
4779,6,7,3,8,2,2
4780,1,5,1,5,1,2
4781,7,10,1,8,3,1
4782,7,8,3,7,2,1
4783,3,8,3,8,3,2
4784,5,5,3,8,1,1
4785,3,7,2,9,2,1
4786,7,7,2,4,3,1
4787,7,8,2,9,1,3
4788,7,4,2,7,3,1
4789,7,8,2,9,2,1
4790,2,10,1,7,2,2
4791,5,4,3,9,2,1
4792,9,8,2,2,1,3
4793,5,9,3,8,2,2
4794,5,8,3,5,3,1
4795,7,5,2,9,3,1
4796,7,8,2,4,3,1
4797,2,8,1,8,3,1
4798,5,5,3,9,3,2
4799,5,4,2,8,3,2
4800,5,7,3,9,2,3
4801,5,1,3,6,2,3
4802,3,8,3,9,2,1
4803,3,5,1,9,3,1
4804,10,3,3,7,3,1
4805,7,7,3,8,3,3
4806,7,1,2,2,1,1
4807,7,8,3,3,3,2
4808,10,7,3,6,3,2
4809,7,8,3,7,3,2
4810,2,5,1,9,3,1
4811,5,5,3,8,3,3
4812,9,4,3,7,2,2
4813,3,2,3,2,2,1
4814,5,4,3,7,3,1
4815,7,1,3,7,1,1
4816,5,7,3,3,3,2
4817,7,7,3,8,3,3
4818,5,8,3,6,3,2
4819,5,1,3,9,2,1
4820,3,10,3,9,2,1
4821,7,5,3,5,3,1
4822,9,7,3,3,3,1
4823,7,1,1,7,2,1
4824,5,8,3,9,3,2
4825,7,3,1,9,2,1
4826,5,5,3,2,3,3
4827,7,5,3,4,3,1
4828,3,5,3,9,2,2
4829,7,7,3,9,2,1
4830,7,5,2,8,3,1
4831,1,7,2,8,2,3
4832,7,7,3,6,3,1
4833,5,5,3,9,2,1
4834,3,8,2,8,2,1
4835,6,5,3,5,2,1
4836,6,5,1,8,1,2
4837,7,8,2,6,3,2
4838,7,8,3,7,2,3
4839,3,8,3,7,3,2
4840,8,5,3,7,3,3
4841,5,5,1,2,2,3
4842,4,3,3,5,1,1
4843,3,5,3,3,3,2
4844,7,5,2,8,3,1
4845,7,9,2,9,2,1
4846,2,8,3,7,2,3
4847,4,8,3,8,2,1
4848,8,8,3,7,2,1
4849,3,9,1,8,2,1
4850,3,8,3,7,2,3
4851,5,7,3,9,2,1
4852,8,8,3,9,2,2
4853,7,10,1,7,3,3
4854,4,2,3,9,2,1
4855,5,4,1,10,3,1
4856,5,2,3,3,2,1
4857,5,8,1,9,3,2
4858,4,8,2,5,3,1
4859,3,7,2,7,2,3
4860,7,8,1,7,3,1
4861,3,8,2,7,3,1
4862,7,8,2,7,2,1
4863,5,8,2,8,3,1
4864,5,8,2,7,3,2
4865,7,8,3,1,2,2
4866,9,8,1,9,2,3
4867,1,4,2,8,3,1
4868,5,6,2,9,2,1
4869,4,5,3,8,1,2
4870,1,7,3,7,3,1
4871,5,6,3,9,2,1
4872,5,5,3,6,3,3
4873,4,5,3,9,3,1
4874,7,4,2,8,2,2
4875,7,5,2,1,2,1
4876,8,8,2,9,1,1
4877,3,6,3,8,3,1
4878,4,7,2,6,3,1
4879,5,3,1,7,1,1
4880,7,8,1,8,1,1
4881,2,7,2,8,1,3
4882,7,5,3,3,2,3
4883,8,7,2,9,2,3
4884,7,7,3,7,3,2
4885,7,8,2,7,3,2
4886,3,3,3,5,2,2
4887,4,8,3,7,2,1
4888,7,3,3,7,3,2
4889,5,4,1,2,3,3
4890,5,7,2,3,1,1
4891,7,1,3,9,2,3
4892,8,7,1,7,1,1
4893,2,5,1,7,3,2
4894,7,3,3,9,3,1
4895,7,5,1,9,3,3
4896,5,8,3,9,2,1
4897,10,3,2,7,2,2
4898,3,7,2,2,1,1
4899,7,2,2,10,2,2
4900,5,7,3,9,2,1
4901,7,7,3,8,2,1
4902,9,5,3,9,3,1
4903,8,7,1,8,2,1
4904,7,7,2,4,3,2
4905,2,3,1,1,3,1
4906,5,7,2,8,3,2
4907,4,7,3,9,1,1
4908,9,5,3,8,3,3
4909,7,7,3,3,1,1
4910,7,4,3,9,2,1
4911,7,3,2,7,3,1
4912,9,7,3,7,3,1
4913,9,6,2,5,2,2
4914,6,3,2,8,3,1
4915,5,8,2,3,2,1
4916,3,8,1,8,1,3
4917,7,1,3,8,3,2
4918,7,2,1,3,3,1
4919,3,4,3,4,1,1
4920,7,3,3,3,2,1
4921,6,8,2,5,3,1
4922,9,4,3,3,3,1
4923,7,5,2,7,3,2
4924,5,7,2,8,2,3
4925,7,1,2,7,2,1
4926,7,8,3,8,2,1
4927,1,8,3,5,3,2
4928,5,4,3,8,1,2
4929,2,5,2,9,3,2
4930,7,7,3,9,1,2
4931,8,7,3,9,3,2
4932,7,8,3,1,3,1
4933,1,5,2,3,3,1
4934,6,5,1,9,2,1
4935,9,5,1,7,3,3
4936,7,7,1,9,2,1
4937,10,7,2,9,2,1
4938,7,8,2,5,2,1
4939,7,5,1,3,1,2
4940,9,3,3,9,2,2
4941,5,7,2,8,3,1
4942,5,6,3,4,3,1
4943,3,8,2,9,2,1
4944,7,5,3,9,3,2
4945,7,6,3,9,2,1
4946,2,8,3,7,1,1
4947,5,7,3,3,1,2
4948,7,8,3,9,2,2
4949,3,3,1,7,1,1
4950,7,5,3,7,2,1
4951,7,4,3,7,3,1
4952,7,3,3,9,3,3
4953,5,5,3,8,3,1
4954,8,8,2,9,1,2
4955,2,8,1,8,2,3
4956,7,5,2,5,3,1
4957,1,10,3,7,1,1
4958,2,8,2,2,3,3
4959,3,3,2,8,1,1
4960,7,8,2,9,3,1
4961,5,8,2,9,3,1
4962,5,2,2,9,1,3
4963,4,8,3,9,3,3
4964,7,2,2,9,2,1
4965,8,5,2,9,3,1
4966,5,3,3,9,3,1
4967,5,8,2,3,2,3
4968,7,1,3,9,3,1
4969,5,2,3,7,3,2
4970,7,8,3,2,2,1
4971,3,7,3,8,2,2
4972,3,6,1,7,3,1
4973,7,3,3,9,2,2
4974,3,3,2,3,3,3
4975,8,5,2,5,2,2
4976,5,6,3,9,2,1
4977,9,6,3,8,2,2
4978,7,7,2,9,1,3
4979,7,3,2,8,3,1
4980,5,2,3,9,1,3
4981,3,7,2,7,2,1
4982,5,10,2,9,2,3
4983,7,8,2,9,3,3
4984,1,8,3,6,2,1
4985,7,8,2,9,1,1
4986,1,8,1,8,2,1
4987,5,4,1,9,3,1
4988,7,8,1,7,3,1
4989,4,8,3,8,2,2
4990,7,6,2,9,1,1
4991,5,8,2,8,3,2
4992,8,10,3,5,3,1
4993,9,5,1,9,2,2
4994,3,7,2,1,1,2
4995,3,4,1,9,2,2
4996,1,6,3,8,3,2
4997,5,8,1,9,2,1
4998,3,5,2,7,2,2
4999,6,8,3,4,3,2
5000,7,6,3,8,3,1
5001,3,5,2,7,3,2
5002,3,8,3,7,2,1
5003,7,7,1,6,2,1
5004,3,1,1,9,2,2
5005,5,8,3,8,2,1
5006,10,9,3,8,1,2
5007,8,3,2,9,3,2
5008,3,7,1,9,3,1
5009,7,8,3,8,1,2
5010,8,10,2,3,2,1
5011,7,8,3,6,3,1
5012,4,9,3,8,3,2
5013,5,7,2,8,2,2
5014,5,8,3,9,2,2
5015,9,4,3,3,3,2
5016,7,7,3,8,2,2
5017,9,8,3,9,3,1
5018,4,7,2,4,3,1
5019,3,7,1,7,3,1
5020,7,7,3,8,3,1
5021,5,8,3,8,2,1
5022,5,8,3,9,2,2
5023,7,7,2,7,3,1
5024,7,2,1,8,3,3
5025,5,7,3,2,1,1
5026,3,3,3,8,3,1
5027,7,8,3,9,2,2
5028,3,7,2,6,3,2
5029,9,3,3,7,1,3
5030,4,8,1,8,1,2
5031,6,5,2,1,2,2
5032,5,2,3,7,2,2
5033,5,7,1,2,3,1
5034,5,3,1,7,3,1
5035,5,7,2,9,2,2
5036,5,9,2,9,3,1
5037,5,7,3,9,2,1
5038,7,5,1,3,3,2
5039,10,8,2,7,3,1
5040,5,10,2,3,2,1
5041,5,8,2,8,2,3
5042,5,7,3,7,3,1
5043,7,8,2,7,3,3
5044,8,6,3,9,3,1
5045,7,6,3,4,3,2
5046,7,3,3,6,2,2
5047,7,8,2,8,2,3
5048,7,7,2,7,3,1
5049,5,5,3,9,3,1
5050,10,7,1,8,2,1
5051,7,8,3,3,2,2
5052,3,7,3,8,3,2
5053,7,6,2,9,3,1
5054,8,5,2,2,3,2
5055,7,7,3,8,2,1
5056,4,1,3,9,3,2
5057,4,7,2,5,2,3
5058,5,7,3,8,3,3
5059,7,5,3,7,2,2
5060,4,8,2,7,2,2
5061,3,8,3,6,2,2
5062,5,8,3,8,3,3
5063,5,6,3,7,3,1
5064,1,5,1,7,3,1
5065,5,8,3,9,2,1
5066,2,5,2,9,3,1
5067,3,1,2,8,3,1
5068,1,7,2,9,1,1
5069,5,7,3,5,3,2
5070,5,1,2,9,2,1
5071,10,7,2,9,3,2
5072,4,1,3,8,3,1
5073,3,8,3,9,1,2
5074,9,2,2,7,3,2
5075,8,8,2,3,3,2
5076,7,5,1,2,3,2
5077,7,5,3,8,1,1
5078,7,5,3,8,3,2
5079,7,8,3,9,3,1
5080,10,8,3,9,2,1
5081,5,8,2,5,2,2
5082,7,7,3,10,2,2
5083,6,8,2,9,1,2
5084,7,8,2,3,3,1
5085,4,7,1,3,1,2
5086,7,1,3,8,2,2
5087,5,3,3,7,3,2
5088,3,5,3,9,3,3
5089,4,5,3,8,2,1
5090,5,5,3,7,3,1
5091,7,4,1,9,2,1
5092,5,8,2,1,3,2
5093,7,10,3,3,2,1
5094,7,8,1,8,2,1
5095,7,6,3,9,2,3
5096,5,7,3,3,1,3
5097,5,8,2,7,3,1
5098,3,8,2,9,3,2
5099,5,3,2,7,2,2
5100,5,8,3,8,3,3
5101,5,2,1,9,3,2
5102,3,7,3,8,1,2
5103,5,8,3,9,2,3
5104,5,8,2,9,2,2
5105,1,8,2,9,2,1
5106,5,7,2,2,3,2
5107,2,7,3,3,1,2
5108,5,7,3,9,3,1
5109,5,4,2,3,2,2
5110,7,5,3,5,3,1
5111,7,5,3,3,3,1
5112,7,8,1,9,3,1
5113,2,8,1,8,3,3
5114,7,8,3,9,1,3
5115,3,8,3,7,1,2
5116,4,9,3,9,2,2
5117,2,3,1,9,3,3
5118,4,5,3,10,1,3
5119,9,3,3,8,3,1
5120,7,7,1,9,3,2
5121,7,10,3,9,2,3
5122,7,5,2,9,1,2
5123,7,6,2,9,3,2
5124,4,8,1,8,3,2
5125,5,5,2,4,1,3
5126,2,7,3,7,2,1
5127,5,5,2,9,2,3
5128,5,7,2,8,2,2
5129,8,5,3,8,1,1
5130,5,9,3,9,1,1
5131,5,5,2,9,3,1
5132,10,8,3,7,3,3
5133,6,5,1,9,1,1
5134,7,9,2,7,3,1
5135,5,8,2,7,1,1
5136,8,3,1,10,3,1
5137,3,8,2,4,3,3
5138,3,7,3,9,3,1
5139,5,5,3,8,1,1
5140,5,7,3,9,3,1
5141,7,1,2,6,2,2
5142,7,7,3,8,2,1
5143,3,1,3,7,3,2
5144,7,4,2,9,2,1
5145,7,7,3,10,3,2
5146,8,6,1,7,2,1
5147,2,7,2,8,3,1
5148,7,8,3,7,2,2
5149,5,8,3,2,1,1
5150,9,2,3,8,3,1
5151,9,8,3,9,2,2
5152,7,6,3,9,1,3
5153,10,3,2,2,3,3
5154,9,7,2,7,1,3
5155,10,8,3,4,1,1
5156,3,1,3,9,1,1
5157,4,5,3,8,2,2
5158,4,8,3,8,3,2
5159,9,8,2,3,2,2
5160,7,8,1,7,1,3
5161,7,7,2,8,2,2
5162,5,5,2,7,2,1
5163,5,5,3,9,2,2
5164,5,8,2,4,2,3
5165,7,4,1,9,3,2
5166,5,9,1,9,3,1
5167,8,5,1,9,3,3
5168,7,7,3,7,2,2
5169,2,5,2,8,2,2
5170,7,9,2,9,2,1
5171,9,8,2,6,3,3
5172,9,9,2,9,3,2
5173,3,7,2,9,3,1
5174,4,8,3,8,2,1
5175,7,5,1,9,1,1
5176,7,8,2,8,2,3
5177,1,3,3,9,1,2
5178,5,7,2,10,3,1
5179,5,8,3,7,2,1
5180,5,7,1,9,2,1
5181,10,3,3,3,2,3
5182,7,3,2,9,3,1
5183,7,8,1,1,1,3
5184,7,2,3,3,3,2
5185,9,7,3,7,3,2
5186,7,4,2,7,3,3
5187,7,5,3,7,3,1
5188,3,8,3,6,3,1
5189,7,3,3,9,3,2
5190,1,8,1,6,1,2
5191,5,3,1,3,3,3
5192,3,5,3,6,3,1
5193,8,7,3,3,1,1
5194,3,8,1,8,3,1
5195,7,5,3,9,3,2
5196,4,1,2,8,3,3
5197,9,8,2,8,3,2
5198,5,7,1,6,3,1
5199,3,5,3,4,3,2
5200,7,8,2,7,3,2
5201,3,3,2,7,3,1
5202,5,9,1,9,1,1
5203,7,5,3,7,2,3
5204,7,8,3,10,3,1
5205,1,5,3,9,3,1
5206,10,5,3,9,3,1
5207,7,8,3,2,2,1
5208,1,5,2,8,2,3
5209,3,5,1,7,3,1
5210,5,7,2,8,2,3
5211,3,2,2,3,3,1
5212,3,9,3,1,2,3
5213,5,7,3,4,3,3
5214,5,7,3,8,1,1
5215,7,8,3,7,3,1
5216,5,7,1,3,2,1
5217,5,6,3,3,2,1
5218,3,7,3,9,3,1
5219,9,8,3,8,3,3
5220,10,3,1,3,2,2
5221,3,7,1,7,1,3
5222,5,8,2,3,3,1
5223,3,7,2,1,3,2
5224,7,8,3,4,2,2
5225,6,2,2,8,3,1
5226,4,2,1,5,1,2
5227,3,7,2,8,3,1
5228,9,8,1,8,2,2
5229,2,10,2,9,3,1
5230,9,1,3,7,3,2
5231,5,8,2,9,3,1
5232,7,1,3,7,3,1
5233,8,2,3,7,3,3
5234,7,2,1,7,3,1
5235,1,8,2,8,3,1
5236,7,8,3,7,3,3
5237,5,8,3,9,3,1
5238,9,1,2,9,3,2
5239,2,5,3,8,3,3
5240,3,2,3,7,2,1
5241,3,7,2,4,3,1
5242,5,8,2,3,2,1
5243,7,8,2,7,2,2
5244,3,10,2,8,2,3
5245,7,7,3,6,2,1
5246,3,9,3,3,3,3
5247,7,8,2,8,3,1
5248,1,9,3,7,1,3
5249,7,7,3,9,2,2
5250,7,10,3,7,3,1
5251,4,7,3,7,2,2
5252,8,5,2,8,3,2
5253,7,4,2,9,3,1
5254,4,10,2,9,1,1
5255,7,10,3,7,3,1
5256,9,9,2,10,3,2
5257,5,7,3,3,3,1
5258,5,8,3,8,3,1
5259,2,8,2,9,3,1
5260,7,7,2,8,2,1
5261,2,2,1,8,2,2
5262,4,5,2,9,3,2
5263,9,8,3,7,3,2
5264,4,2,2,7,3,3
5265,5,7,2,5,3,1
5266,7,8,2,7,2,1
5267,1,7,3,10,2,2
5268,9,8,2,2,3,1
5269,3,7,2,9,2,1
5270,9,7,3,8,2,2
5271,7,7,3,5,3,1
5272,4,8,2,8,3,2
5273,2,4,2,8,2,2
5274,5,3,1,9,3,3
5275,7,1,3,8,2,3
5276,3,5,3,7,3,1
5277,10,7,2,9,2,1
5278,8,7,2,3,2,3
5279,7,7,2,2,2,2
5280,8,8,2,6,3,1
5281,3,5,3,7,1,2
5282,7,7,3,10,1,3
5283,9,3,3,3,3,1
5284,5,1,3,9,3,1
5285,5,3,3,9,3,2
5286,7,4,2,3,1,1
5287,7,3,2,8,3,3
5288,7,8,2,9,2,2
5289,5,7,3,7,1,3
5290,7,7,2,8,2,3
5291,2,7,2,9,2,2
5292,5,8,3,9,1,1
5293,10,7,2,9,3,1
5294,9,5,2,9,3,1
5295,5,7,3,8,3,1
5296,9,8,1,9,3,3
5297,3,10,2,3,1,1
5298,4,8,2,9,2,2
5299,7,2,1,7,2,1
5300,5,7,1,7,2,3
5301,7,7,2,7,1,1
5302,6,9,1,8,2,2
5303,8,10,1,10,2,1
5304,6,8,3,9,2,2
5305,7,1,1,9,1,3
5306,7,9,3,9,2,1
5307,7,8,2,9,2,1
5308,2,9,3,9,3,1
5309,6,8,3,8,1,1
5310,7,5,3,5,2,1
5311,10,7,1,8,3,1
5312,7,8,3,9,3,1
5313,7,2,3,8,2,2
5314,7,8,3,9,2,3
5315,9,9,2,7,3,3
5316,3,7,2,9,2,2
5317,5,8,2,3,2,1
5318,6,3,3,9,3,2
5319,3,1,2,7,1,1
5320,10,8,1,9,3,2
5321,7,3,3,9,2,2
5322,7,8,1,2,3,1
5323,10,8,2,2,1,3
5324,7,5,3,6,3,1
5325,7,8,3,9,3,1
5326,7,5,2,4,2,1
5327,10,8,2,7,2,2
5328,8,5,3,7,2,1
5329,6,5,2,7,2,1
5330,2,4,3,1,2,3
5331,7,5,3,8,3,3
5332,5,5,3,8,3,3
5333,3,8,2,4,1,1
5334,3,10,2,9,3,1
5335,3,8,3,7,3,1
5336,3,5,1,1,3,3
5337,7,9,2,10,3,2
5338,9,3,3,8,3,1
5339,8,10,1,8,3,1
5340,7,3,2,9,3,2
5341,3,1,2,3,2,2
5342,6,7,1,9,2,2
5343,6,7,3,10,2,1
5344,1,8,3,3,3,1
5345,2,7,3,10,2,2
5346,3,1,3,8,3,2
5347,5,8,3,8,3,2
5348,7,8,2,8,1,1
5349,6,5,3,8,1,1
5350,3,2,2,3,3,3
5351,9,10,3,3,3,3
5352,1,5,3,8,2,2
5353,7,5,3,9,2,1
5354,10,9,3,8,2,1
5355,3,5,3,7,2,1
5356,3,8,1,9,3,2
5357,7,7,3,3,2,2
5358,6,5,2,6,3,1
5359,2,8,2,7,3,1
5360,7,5,1,5,2,3
5361,2,10,3,1,2,1
5362,5,2,3,9,3,2
5363,3,6,2,7,2,3
5364,7,7,2,8,2,3
5365,3,8,2,3,3,1
5366,5,3,3,10,2,3
5367,3,3,2,8,1,2
5368,3,3,2,8,1,2
5369,5,8,3,9,3,3
5370,7,8,2,9,3,3
5371,5,8,3,9,2,3
5372,7,10,2,3,2,3
5373,3,8,3,7,3,2
5374,7,1,2,8,2,2
5375,7,8,3,9,2,1
5376,7,3,2,8,3,2
5377,1,7,3,8,2,3
5378,9,8,3,7,2,2
5379,3,5,3,7,3,2
5380,5,7,3,9,2,1
5381,7,8,3,9,3,2
5382,5,2,3,3,1,1
5383,3,8,2,6,2,2
5384,5,9,1,3,3,2
5385,7,5,2,8,2,3
5386,7,6,3,10,2,1
5387,7,5,1,9,1,1
5388,7,7,1,7,3,2
5389,5,7,2,8,3,3
5390,5,8,3,9,3,1
5391,3,7,1,7,1,1
5392,4,8,2,9,2,3
5393,5,5,2,8,1,1
5394,7,8,3,7,1,1
5395,7,5,1,9,3,2
5396,3,2,3,7,3,2
5397,9,7,1,8,2,1
5398,7,7,3,8,3,2
